-0.0301094,-0.0273866,-0.0110316,-0.00918636,-0.00568317,0.0219704,0.0194457,0.0104195,-0.171343,-0.049835,0.0123992,0.0522792,0.116543,0.0384316,0.000325706,-0.0591545,0.178783,0.0550169,-0.00167565,-0.0370459,-0.109697,-0.0546445,-0.0133825,0.05211,0.0281163,-0.0104795,-0.0176364,-0.0229341,-0.00105852,0.00830107,0.0154847,0.0296962,-0.04503,-0.00679676,-0.00114763,-0.0157094,-0.0277459,0.0135928,0.0278095,0.0212859,-0.290563,-0.0372725,0.0581982,0.147906,0.217992,0.0631283,-0.0229583,-0.150867,0.297815,0.138497,0.0172958,-0.0654782,-0.222757,-0.15776,-0.0618438,0.0422168,0.0400346,-0.0215316,-0.0250047,-0.0150961,0.0196675,0.016501,0.00831959,0.01133,-0.0451512,0.0216237,0.027937,0.0136124,-0.027275,-0.0154599,-0.00121716,-0.00732673,-0.290889,-0.150035,-0.0226643,0.0630784,0.21768,0.148019,0.0583521,-0.037567,0.297452,0.0419587,-0.0615706,-0.157545,-0.223221,-0.0655859,0.0174405,0.139144,0.0400497,0.0113213,0.0082921,0.0158,0.0196106,-0.0143099,-0.0248536,-0.0217064,-0.0304346,0.0103364,0.019289,0.021728,-0.00492204,-0.00864572,-0.0108806,-0.027559,-0.17149,-0.0586022,0.000326002,0.0379907,0.115305,0.0524831,0.0126707,-0.0502068,0.178696,0.051978,-0.0133552,-0.0551633,-0.110588,-0.0369463,-0.00159642,0.0553424,0.0279485,0.029871,0.0154852,0.00804041,-0.000926975,-0.0227203,-0.01763,-0.0108953
0.050083,-0.0650985,-0.0979773,-0.0244518,0.149106,-0.00260989,-0.0553765,-0.0344508,0.21569,-0.0466998,-0.10577,-0.0345721,0.10931,-0.0259782,-0.0842594,-0.0368163,0.216216,-0.0279859,-0.0789848,-0.0235568,0.10167,-0.0421587,-0.114143,-0.0591603,0.0621937,-0.0293888,-0.0541363,-0.0072974,0.12403,-0.0366231,-0.105121,-0.0663008,0.0522031,-0.0705711,-0.115944,-0.0399031,0.166954,-0.0111116,-0.0627259,-0.0352509,0.112228,-0.0953278,-0.129082,-0.044956,0.137112,-0.0205419,-0.0874804,-0.0714529,0.101854,-0.0673635,-0.0816446,-0.0176976,0.130424,-0.05159,-0.135596,-0.110393,0.0712252,-0.0263148,-0.0610022,-0.0232806,0.12354,-0.0652868,-0.12508,-0.0697194,0.0523792,-0.0352609,-0.0624843,-0.0101488,0.166903,-0.0410837,-0.11673,-0.0703855,0.112322,-0.0721299,-0.0875318,-0.0204232,0.136941,-0.0454496,-0.129314,-0.094992,0.102157,-0.111342,-0.135936,-0.0516736,0.130882,-0.0176058,-0.0817578,-0.0669739,0.0713642,-0.0698539,-0.125431,-0.0654068,0.123665,-0.0233215,-0.0611669,-0.0263935,0.0504188,-0.0345727,-0.0556563,-0.00223467,0.148696,-0.0252471,-0.0983425,-0.0644211,0.216769,-0.0372978,-0.0846073,-0.0261816,0.108518,-0.0351187,-0.106114,-0.045582,0.216569,-0.0601638,-0.114726,-0.0423141,0.102366,-0.023468,-0.0790779,-0.0274357,0.0623045,-0.0665827,-0.1058,-0.0368228,0.124424,-0.00741821,-0.0540472,-0.0292564
0.0319814,0.0212844,0.00624119,-0.0385127,-0.107155,-0.0566794,-0.0215785,-0.0148657,0.216952,0.0600137,-0.017368,-0.0861482,-0.166204,-0.0744873,-0.0233063,0.0402846,0.219249,0.0337998,-0.0255268,-0.0730851,-0.15002,-0.0758727,-0.0128218,0.071502,0.0365072,-0.0133256,-0.0209466,-0.0498233,-0.0879274,-0.0276776,0.0115764,0.0276681,0.0469922,0.0114936,-0.00511271,-0.0777394,-0.161996,-0.0701279,-0.0112431,0.00103364,0.174063,0.050138,-0.0144706,-0.130489,-0.231914,-0.0881914,-0.0135252,0.043867,0.17326,0.0424441,-0.0142695,-0.0847788,-0.213641,-0.119163,-0.0142275,0.054451,0.0500295,0.0014704,-0.0102581,-0.0612588,-0.138167,-0.0645345,-0.000642578,0.0168966,0.0471088,0.000918419,-0.0120823,-0.0725895,-0.162008,-0.0754879,-0.00352788,0.012259,0.173286,0.0428332,-0.014975,-0.0905825,-0.231512,-0.12776,-0.0126704,0.0507813,0.1742,0.0531672,-0.0162275,-0.122041,-0.213545,-0.0825259,-0.0126891,0.043895,0.0500064,0.0160031,-0.00223811,-0.0669766,-0.138078,-0.0589533,-0.00883839,0.00233186,0.0320743,-0.014394,-0.0213924,-0.0577911,-0.107291,-0.0373632,0.00727795,0.0214291,0.216574,0.0406345,-0.023532,-0.0754265,-0.165416,-0.0844092,-0.0166875,0.0597692,0.21946,0.0719498,-0.0137371,-0.0780106,-0.150569,-0.0717888,-0.0247998,0.0340788,0.0361637,0.0274705,0.0108312,-0.0291729,-0.0873814,-0.0482723,-0.0203859,-0.013315
0.121549,0.0384653,-0.0111343,-0.0822452,-0.202715,-0.0495057,0.00705779,0.0469329,0.00697309,-0.0204224,-0.0279713,-0.0421306,-0.0330689,0.0106543,0.0200377,0.032063,0.0142694,-0.0346024,-0.0287087,-0.0121652,0.0452751,0.0419176,0.018691,0.0151171,-0.134573,-0.0561337,-0.0137766,0.0544806,0.238477,0.0858573,-0.00340108,-0.0580127,0.163362,0.0687254,0.00200497,-0.113618,-0.282788,-0.0870512,0.00792769,0.0656743,-0.0382665,0.014066,0.00957885,-0.000503225,-0.0159005,-0.00274758,1.24519e-05,-0.018837,0.0488257,0.0150116,-0.0059531,0.00438138,0.0331376,0.00173513,-0.018412,-0.0218926,-0.18133,-0.0783639,-0.0155331,0.0962212,0.335169,0.120763,-0.0184616,-0.0900757,0.16289,0.0652029,0.00719333,-0.0885535,-0.282955,-0.111928,0.00297829,0.0691914,-0.0388007,-0.0182302,2.61709e-05,-0.00324369,-0.0155156,0.000632897,0.00990278,0.0132549,0.0487053,-0.0210967,-0.0178227,0.0025534,0.0328837,0.00369446,-0.00639553,0.0146977,-0.181243,-0.0900417,-0.0181526,0.1215,0.335031,0.0955473,-0.0159336,-0.0783129,0.120559,0.0469242,0.00721306,-0.0497368,-0.202132,-0.0817014,-0.0113763,0.0380296,0.00462913,0.0325391,0.0204679,0.0109275,-0.0317348,-0.0412495,-0.0284754,-0.0221455,0.0141355,0.0155196,0.0193631,0.0424185,0.0454365,-0.0125297,-0.0294776,-0.0351138,-0.133896,-0.0580606,-0.00330514,0.0866906,0.238339,0.053569,-0.0144907,-0.0560461
0.188472,0.0552086,-0.0229164,-0.0764259,-0.166849,-0.0462055,-0.00643768,0.0570151,-0.0422301,-0.0418967,-0.0310154,0.010457,0.100196,0.0435681,0.00312143,0.000402333,-0.0376,-0.00104503,-0.000976774,0.0393575,0.0986227,0.0150374,-0.0284323,-0.0438215,0.176313,0.0530263,-0.0069287,-0.0407414,-0.142239,-0.0668698,-0.0214712,0.0532558,0.249898,0.0868399,-0.0197864,-0.104527,-0.227247,-0.0836414,-0.00890699,0.0775567,-0.0458127,-0.0342244,-0.0294904,0.0518594,0.146411,0.0460575,-0.00180457,-0.0208549,-0.0439181,-0.0259064,-0.00850138,0.0401138,0.146377,0.0566191,-0.0253835,-0.0399646,0.229609,0.0712632,-0.00917755,-0.0759803,-0.1978,-0.0922487,-0.0188391,0.0804174,0.250164,0.077764,-0.0102906,-0.0872252,-0.228158,-0.101853,-0.0181687,0.0875497,-0.0463005,-0.0219712,-0.00438548,0.0408128,0.145886,0.0571596,-0.0268818,-0.0327234,-0.043096,-0.0418019,-0.0287134,0.0512854,0.146501,0.0452286,-0.00547457,-0.0237947,0.229533,0.0786399,-0.0210579,-0.0953839,-0.197279,-0.0723661,-0.00717786,0.0724175,0.188976,0.0574824,-0.00755263,-0.0488942,-0.167916,-0.0751537,-0.021237,0.0565506,-0.0416804,0.000568946,0.00175332,0.0407325,0.0989242,0.0128294,-0.0288195,-0.040514,-0.0368501,-0.0443729,-0.0302531,0.0126141,0.0984271,0.0421196,0.00100442,-3.95093e-06,0.175138,0.0521433,-0.0226548,-0.0683682,-0.141113,-0.0381546,-0.00588585,0.0528749
-0.00961808,0.0789257,0.000624199,-0.0797825,0.0328597,0.0896393,-0.00577149,-0.0756524,0.0143823,0.144214,-9.25065e-05,-0.0981312,-0.00394307,0.0763967,-0.00274766,-0.112031,-0.0327398,0.108072,0.00411167,-0.0769201,0.00292604,0.101057,0.00440233,-0.149103,0.00311571,0.0736089,0.00530358,-0.0905277,-0.0305823,0.0819499,-0.00138605,-0.0834106,-0.0108819,0.0292689,-0.0644142,-0.169533,0.0334262,0.182327,0.0467427,-0.0423625,0.0237581,0.0277687,-0.0819608,-0.210165,0.00818367,0.184809,0.0698862,0.00120589,-0.0308306,0.0011716,-0.0688445,-0.190807,-0.0126142,0.218333,0.0916485,-0.0267349,0.0033361,0.0384055,-0.0528301,-0.191012,-0.0289621,0.182646,0.0709918,-0.0313592,0.00792246,0.0411657,-0.0473402,-0.180872,-0.0253993,0.172982,0.0643028,-0.0305057,-0.0239971,-0.000151679,-0.0699367,-0.184877,-0.00737642,0.210815,0.0818647,-0.0275892,0.0290536,0.0275979,-0.0899854,-0.21745,0.0113947,0.191434,0.06907,-0.00151906,-0.00802585,0.0304345,-0.0699203,-0.180012,0.0340738,0.193284,0.0534863,-0.039602,0.0069869,0.0747116,0.0052263,-0.0886523,-0.0268799,0.0823726,-0.000435383,-0.0802254,-0.0153839,0.111502,0.00197952,-0.0763031,0.00463883,0.0989752,0.000148939,-0.144837,0.0312188,0.149402,-0.00417847,-0.10078,-0.0033409,0.0770058,-0.0044778,-0.109451,-0.0061523,0.0828828,0.00168518,-0.0801332,0.0344617,0.0914436,-0.00528652,-0.0750681
-0.0152295,-0.0994554,-0.115724,-0.0412001,0.0545993,0.0448077,0.0326935,0.0347272,-0.0452641,-0.203094,-0.143837,-0.0449649,0.0798612,0.0706296,0.0762251,0.124702,0.0606044,-0.125778,-0.0970029,-0.079139,-0.0739356,0.0410409,0.124378,0.206922,0.0166064,-0.0390381,-0.0495421,-0.0474609,-0.0490609,0.0429287,0.09909,0.0987056,0.0488524,-0.058575,-0.105006,-0.0670029,0.0147834,0.0168016,0.0186608,0.0514612,0.0349233,-0.181114,-0.155397,-0.066985,0.073132,0.0582447,0.0755751,0.172982,-0.0185172,-0.163964,-0.0804882,-0.0518366,-0.0547053,0.0746631,0.147006,0.191155,-0.0452107,-0.0504343,-0.0250059,-0.00910621,-0.00324765,0.072518,0.0917761,0.0581682,0.0493306,0.0478436,0.0154,0.012426,0.012697,-0.0630201,-0.0982508,-0.0521689,0.0311849,0.166601,0.0713062,0.0527389,0.0723292,-0.0590937,-0.145633,-0.172842,-0.02072,0.18449,0.145677,0.0769044,-0.0530935,-0.0505549,-0.0757571,-0.159122,-0.0465059,0.0567133,0.0935925,0.0773041,-0.00383742,-0.0133686,-0.0253828,-0.0496249,-0.0130158,0.0338317,0.0323832,0.0429032,0.0499973,-0.0416163,-0.110379,-0.0925382,-0.0497964,0.118215,0.0750472,0.0698768,0.0789813,-0.0418648,-0.136841,-0.195475,0.0484478,0.195296,0.12285,0.0440242,-0.0701192,-0.0747399,-0.0915468,-0.122863,0.0133611,0.092708,0.0979482,0.0449676,-0.0490613,-0.0467231,-0.0465729,-0.0366225
0.07096,0.138293,0.0767311,-0.0197531,-0.0601032,-0.0340706,-0.0322629,-0.0275341,0.0637454,0.212617,0.101968,0.00388015,-0.0505332,-0.039519,-0.0586391,-0.10354,-0.11872,0.0995128,0.0807336,0.0588423,0.0649263,0.0203629,-0.079395,-0.219083,-0.064987,0.0350124,0.042169,0.033332,0.0454073,0.0216235,-0.0668827,-0.129363,0.0262709,0.102328,0.0796522,0.0093195,-0.0226896,-0.0249078,-0.0505417,-0.0580636,-0.0275914,0.188167,0.154959,0.0885577,-0.025272,-0.0906323,-0.118504,-0.146724,0.00230421,0.14374,0.120936,0.0816305,0.0280983,-0.0560311,-0.119599,-0.171907,-0.0254908,0.0454584,0.0355926,0.00201603,0.00816328,0.0100216,-0.0477492,-0.0763179,-0.0214894,0.0611131,0.0510293,0.0236792,0.0194125,-0.0143388,-0.083827,-0.103355,0.0302901,0.153606,0.121353,0.0929789,0.0295293,-0.0925073,-0.163325,-0.196012,-0.00250688,0.178964,0.124779,0.0594243,-0.0289419,-0.0847211,-0.125818,-0.151596,0.0278034,0.0796146,0.0509463,-0.00914596,-0.0131149,-0.00435963,-0.0371874,-0.046708,-0.0701849,0.0297597,0.0340382,0.035744,0.0600082,0.016371,-0.0814483,-0.14208,-0.0650225,0.109411,0.0626167,0.0435997,0.0553411,-0.00753068,-0.109213,-0.221524,0.122388,0.226987,0.0846907,-0.0181179,-0.0671665,-0.0632422,-0.0858458,-0.104295,0.0695258,0.134054,0.0709511,-0.0213897,-0.051307,-0.0367013,-0.044816,-0.0356303
0.012682,-0.0157665,-0.042064,-0.0104925,0.0848917,0.0333339,-0.0329032,-0.0255502,0.301674,0.0762115,-0.067932,-0.0860017,-0.0332529,-0.0442945,-0.0699087,0.0414529,0.284456,0.0803217,-0.04583,-0.0356336,-0.0207955,-0.0782487,-0.0910289,0.0158468,0.00106884,-0.00790965,-0.0172705,0.0410184,0.0967196,-0.000838599,-0.0569089,-0.049105,0.0182166,-0.07088,-0.12129,-0.104776,0.052676,0.113895,0.0538084,0.0300075,0.108771,-0.0202722,-0.136263,-0.159489,0.00538818,0.0689606,-0.0240935,-0.0163434,0.110381,0.0264697,-0.000855931,0.0766719,0.0130463,-0.162013,-0.162561,-0.0694014,0.0172366,0.0486375,0.0633256,0.114959,0.0534639,-0.103945,-0.130957,-0.0921141,-0.0176168,-0.0310735,-0.0542442,-0.114124,-0.0502515,0.107023,0.124064,0.0730174,-0.109057,0.0101698,0.0214581,-0.0703812,-0.00611475,0.161334,0.140919,0.0257355,-0.109714,0.0633587,0.157372,0.159199,-0.0112651,-0.0754992,0.00279202,-0.0215682,-0.0157081,0.0901629,0.128416,0.100569,-0.0571258,-0.115581,-0.0628458,-0.0475968,-0.0108874,0.0246707,0.0326423,-0.0336901,-0.0846822,0.0114284,0.0437908,0.0181339,-0.299031,-0.0449978,0.0686604,0.0436776,0.0313152,0.0859903,0.0696469,-0.0714974,-0.286233,-0.0217024,0.0885142,0.0774961,0.0225962,0.0363414,0.0470079,-0.0777007,-0.00126685,0.0462464,0.0545334,-0.000515907,-0.0978845,-0.0411221,0.0181274,0.00882358
-0.217564,-0.0680905,0.0256683,0.000933012,-0.110458,-0.0149118,0.0213036,-0.0442955,-0.130339,-0.0795235,0.00518688,-0.0202613,-0.0938693,-0.00652043,0.0312777,0.00254133,0.110791,-0.0182254,-0.0302324,0.00619919,0.0973715,0.0200595,-0.00376716,0.0626187,0.226735,0.0442467,-0.0203022,0.0144156,0.121974,-0.00492837,-0.0250567,0.0650567,-0.266952,-0.0717884,0.0486987,-0.000406939,-0.143997,-0.0175637,0.0276736,-0.060245,-0.0495619,-0.0395632,0.0200216,-0.0598864,-0.1676,-0.0125074,0.0391409,0.00818931,0.0438062,-0.0254153,-0.0400954,0.00992192,0.177157,0.0617143,-0.0170347,0.0324137,0.274003,0.0574269,-0.030522,0.0160591,0.168017,0.000256232,-0.0476897,0.070995,-0.266608,-0.0611303,0.0266602,-0.0195718,-0.144371,0.00121249,0.0502681,-0.0706473,-0.0505562,0.00685527,0.0379983,-0.0137771,-0.167173,-0.0579664,0.0215041,-0.0395905,0.0431937,0.0318445,-0.0174967,0.0616006,0.177095,0.0102847,-0.0396803,-0.0254013,0.274535,0.0702215,-0.0480251,0.000387326,0.167209,0.0158702,-0.0299672,0.0587008,-0.216789,-0.0441857,0.0220692,-0.0153885,-0.111159,0.000675826,0.0249573,-0.0681664,-0.131927,0.00195156,0.0316906,-0.00583686,-0.0924711,-0.0202195,0.00456074,-0.0811869,0.108944,0.0626969,-0.00315167,0.0208132,0.0974971,0.00569846,-0.0312793,-0.0195369,0.22709,0.0652557,-0.0243601,-0.00442468,0.120956,0.0132209,-0.0211049,0.0447542
-0.0890017,0.031044,0.0962838,0.104538,0.0553545,-0.0102691,-0.04328,-0.080257,-0.208546,0.0374582,0.121958,0.13622,0.135145,0.00893735,-0.0729073,-0.17412,0.199866,0.184415,0.0808377,-0.011633,-0.145261,-0.136211,-0.114451,-0.0302446,0.0992296,0.0945927,0.0526768,0.0100417,-0.0657433,-0.102794,-0.0853383,-0.0185944,-0.066295,0.05652,0.0912863,0.128848,0.0394065,-0.060491,-0.0590652,-0.0944616,-0.0316061,-0.0581848,-0.0350428,-0.0230369,0.0634053,0.0824976,0.054363,0.0248664,0.0275971,-0.00912686,-0.0477202,-0.0960034,-0.0761057,0.0326349,0.0414897,0.0560062,0.0737214,0.112752,0.0676089,0.0602786,-0.0441773,-0.133061,-0.0949735,-0.0606702,0.0710565,0.0951775,0.0568908,0.0595956,-0.0390487,-0.129073,-0.0912126,-0.053029,0.0328932,-0.0220387,-0.0532275,-0.0829434,-0.0641591,0.0208331,0.0330182,0.0600568,-0.0284309,-0.0535942,-0.0386744,-0.0318478,0.0719748,0.0942331,0.045697,0.00617433,-0.0706996,0.0618773,0.093024,0.132933,0.0472207,-0.0622572,-0.0697712,-0.112531,0.0913378,0.0802692,0.0419493,0.00967716,-0.0562221,-0.103916,-0.0935561,-0.0273261,0.203947,0.172815,0.0720605,-0.00855245,-0.133522,-0.134926,-0.120057,-0.0347756,-0.197665,0.0297856,0.113849,0.134965,0.142329,0.011061,-0.0806219,-0.182179,-0.0963008,0.0187024,0.0834746,0.10351,0.0675879,-0.0111449,-0.0536135,-0.0935003
0.0553549,-0.0414811,-0.113261,-0.0618784,0.0657873,0.0476528,0.0407788,0.0471886,0.192244,0.0146254,-0.0838769,-0.0988358,-0.156882,-0.00488326,0.0340523,0.0641959,-0.252619,-0.112951,-0.0681545,0.00302062,0.186169,0.11674,0.0856154,0.0276881,0.0389874,-0.0530613,-0.0870471,-0.0707958,-0.00452599,0.0996852,0.127238,0.114668,-0.00361738,-0.0221374,-0.0714407,-0.0377054,0.0945883,0.0447676,0.0337593,0.0330809,-0.0897033,0.0638274,0.100478,0.0594172,-0.072279,-0.00950245,-0.0787628,-0.184162,0.0909752,0.123445,0.033444,-0.0343337,0.0262602,-0.096739,-0.0994469,0.0197337,0.099968,-0.0358522,-0.0788329,-0.0576263,0.00068204,0.0948343,0.0954534,0.106445,-0.00393053,0.0358492,0.0381398,0.0513129,0.0926863,-0.0456468,-0.0739262,-0.0231412,-0.0902307,-0.181039,-0.0762213,-0.00893921,-0.0765612,0.0554815,0.101577,0.0663902,0.090143,0.022102,-0.0986194,-0.10166,0.0236907,-0.0312688,0.0363739,0.126237,0.097897,0.106423,0.0952743,0.0915579,-0.000306663,-0.0533133,-0.0764375,-0.0350683,0.0551269,0.0478106,0.0421819,0.047896,0.0617738,-0.0642982,-0.111269,-0.0386737,0.191572,0.0679265,0.0370667,-0.00736419,-0.16477,-0.101872,-0.0810993,0.0189018,-0.257583,0.0330063,0.0898329,0.114272,0.181003,0.0027193,-0.0661058,-0.113283,0.0353937,0.116741,0.130751,0.0998333,-0.00635167,-0.0699257,-0.0863149,-0.0546981
-0.0572631,0.0364665,0.066265,-0.0547162,-0.113435,0.0102835,0.0428536,0.0105826,-0.110091,0.0898514,0.0904477,-0.088462,-0.256458,-0.0489307,0.0835408,0.0716707,-0.136163,0.0606351,0.0839065,-0.0444007,-0.234678,-0.0750019,0.0972298,0.0958194,-0.0608688,0.00822461,0.0427657,0.00710149,-0.1136,-0.0427695,0.080305,0.0523194,-0.0318612,-0.0406444,-0.0322029,-0.154627,-0.06319,0.131758,0.0966202,0.0738219,-0.0398998,0.0461878,0.0561671,-0.0830229,-0.128963,0.0215493,0.0821921,0.101441,-0.0373334,0.117221,0.0936554,0.0191019,-0.120033,-0.0818851,0.0413195,0.0409522,-0.0308399,0.0688987,0.0966269,0.125615,-0.0629416,-0.149211,-0.0313632,-0.027074,0.0317208,-0.0697829,-0.0910921,-0.126622,0.0653376,0.154157,0.0311145,0.0393038,0.0352173,-0.106007,-0.0830534,-0.0187221,0.127812,0.0878782,-0.0507534,-0.045748,0.0403117,-0.0425332,-0.0475597,0.0759351,0.123181,-0.0192894,-0.0914571,-0.112097,0.0322539,0.0280004,0.0303524,0.147159,0.0598698,-0.129268,-0.100093,-0.0702529,0.057872,-0.00656983,-0.0377793,-0.00596355,0.115398,0.0529322,-0.0684122,-0.0393805,0.118742,-0.0654361,-0.0800533,0.0495002,0.248597,0.0846123,-0.091727,-0.0902652,0.128885,-0.0949079,-0.0955617,0.0766808,0.240893,0.0440901,-0.0855463,-0.063624,0.0601862,-0.0497131,-0.0775825,0.0426457,0.111249,-0.00977213,-0.0452181,-0.0106049
-0.168986,-0.137909,-0.0445504,-0.0929171,-0.100094,0.0735832,0.115598,0.0267049,0.160706,-0.0784784,-0.0568114,-0.0772442,-0.039455,0.0487159,0.0804277,0.0868115,0.073634,0.0136831,0.00926281,0.0118026,0.0448936,0.0116965,0.0134919,-0.0553669,-0.162938,-0.0186829,0.0521723,0.0188025,-0.126313,-0.0444574,0.0153642,-0.100753,-0.192027,-0.108487,0.00657479,-0.0765743,-0.154843,0.0526688,0.119579,0.020596,-0.00336114,-0.0851913,0.0104272,0.0558987,0.0967069,0.102746,0.0427955,-0.011586,0.0419337,0.0731939,0.05304,0.0816525,0.145418,0.0288114,-0.0633492,-0.152259,-0.155351,-0.0100396,0.0697742,0.0063988,-0.193819,-0.0672888,0.00158288,-0.113836,-0.191908,0.0224274,0.1199,0.0536086,-0.155694,-0.0778277,0.00673276,-0.109748,-0.00391106,-0.0128325,0.0413324,0.101772,0.093997,0.0554345,0.0138726,-0.0824323,0.0426221,-0.155943,-0.0657299,0.0267068,0.14386,0.0838901,0.0575074,0.0787193,-0.157021,-0.116411,0.00113315,-0.0682343,-0.194273,0.0088858,0.0718616,-0.00881837,-0.170103,0.0290139,0.117783,0.0746743,-0.100962,-0.0949491,-0.0466146,-0.139978,0.162247,0.0925141,0.0842178,0.0493604,-0.0458217,-0.0823866,-0.0596294,-0.0803122,0.0698727,-0.0531555,0.0190981,0.015256,0.0420441,0.00862874,0.0076717,0.0116046,-0.165089,-0.100721,0.0197044,-0.0408259,-0.12731,0.0181014,0.0510943,-0.0202065
0.0719156,-0.0562935,-0.117332,-0.0303983,0.0906825,0.0832798,0.0474499,0.101758,0.0118022,0.00315018,-0.0435853,-0.0822584,-0.189196,0.000715577,0.076978,0.164206,0.0115134,0.175389,0.0554876,-0.0294908,-0.185414,-0.0412581,-0.0147469,-0.00744839,0.0869472,0.108568,0.036751,0.0703246,0.0879536,-0.00404947,-0.0953569,-0.0513993,0.129942,-0.0251746,-0.120806,-0.0336995,0.105962,0.0950289,0.0517044,0.127423,-0.120729,-0.0428124,0.00753405,0.0326532,-0.0504511,0.0807995,0.0920624,0.126868,-0.103483,0.159674,0.0893367,0.0610913,-0.0620755,0.0469386,0.00299757,-0.0756291,0.139973,0.134392,0.0479756,0.0895211,0.0965318,-0.0241398,-0.116637,-0.0319344,0.129642,0.129552,0.053683,0.0970824,0.106146,-0.0360923,-0.123952,-0.0274133,-0.119662,0.130282,0.0934469,0.0808466,-0.0510545,0.0313635,0.00471201,-0.0440851,-0.105101,-0.0705672,0.00634098,0.0456326,-0.0618493,0.062729,0.0880527,0.157198,0.139306,-0.0275988,-0.112934,-0.0244662,0.0952185,0.0905896,0.0478829,0.132464,0.0727163,0.101562,0.0454586,0.0816028,0.0897389,-0.0295558,-0.115692,-0.0549492,0.0136131,0.163498,0.0725666,-0.00384936,-0.189925,-0.0794505,-0.0406556,0.00742896,0.00790513,-0.00718584,-0.0163494,-0.0451818,-0.185501,-0.0242786,0.0600036,0.177758,0.0857879,-0.0497721,-0.0948496,-0.00646105,0.086253,0.073381,0.0396419,0.109779
-0.0282643,0.00100047,-0.0656818,-0.0947104,0.0480586,0.114199,0.076056,-0.00551108,-0.0740855,-0.118446,-0.120896,-0.113536,0.0963751,0.184668,0.12279,0.0488758,0.0834015,-0.052199,-0.12732,-0.184052,-0.085183,0.113799,0.114209,0.122347,0.0304146,0.00868947,-0.0727665,-0.11538,-0.0539324,0.0986556,0.0684881,0.00343796,-0.0082567,0.156112,0.125783,0.022937,0.0126679,-0.0123981,-0.0822264,-0.127123,-0.0409007,0.0862532,0.103813,0.02313,0.036693,0.0231389,-0.0761635,-0.10905,0.0436485,0.11375,0.0752875,-0.0206239,-0.0298858,-0.0176348,-0.100264,-0.0845087,0.00793505,0.132646,0.0888966,0.020008,-0.0189885,-0.0246249,-0.118312,-0.153634,0.000438137,0.126616,0.085887,0.0131892,-0.0206581,-0.0189708,-0.121514,-0.157183,0.0437401,0.109251,0.0747965,-0.0231516,-0.036538,-0.0183425,-0.103904,-0.0867229,-0.0402292,0.0874508,0.0956635,0.0140429,0.0360376,0.024727,-0.0772285,-0.117826,-0.0143001,0.153731,0.117703,0.0219348,0.0154398,-0.0199111,-0.0894593,-0.136429,0.0233266,0.00536314,-0.0760166,-0.115928,-0.0530194,0.0984604,0.068665,-0.000441503,0.077522,-0.0454429,-0.125583,-0.186698,-0.0937561,0.11849,0.121766,0.118446,-0.0807718,-0.115596,-0.117166,-0.116647,0.0922435,0.188997,0.125698,0.0470833,-0.0361298,-0.0006493,-0.0674373,-0.100498,0.0521329,0.11638,0.0721394,-0.0129451
-0.0416527,-0.0326686,-0.0377589,-0.0406854,-0.0659092,-0.0352942,-0.0833788,-0.0781143,0.112337,0.133873,0.0454753,0.0242848,-0.0471134,-0.101363,-0.148408,-0.116328,-0.0778185,0.154439,0.147081,0.12306,0.0581961,-0.0522022,-0.0721771,-0.0897605,-0.00827332,0.0918563,0.109673,0.0813148,0.0333415,0.0142533,0.0265648,0.0315409,-0.051181,-0.159976,-0.19997,-0.140368,-0.0661445,0.00446085,-0.0240295,-0.0255027,-0.020422,-0.15446,-0.143822,-0.0135715,0.0988455,0.0204415,-0.0440519,0.00300097,0.0248291,-0.00683952,0.0269666,0.0300977,-0.0316267,-0.00464583,0.0908401,0.173311,-0.0125379,0.0454746,0.0662435,0.0509095,0.0246324,0.121307,0.19034,0.159298,-0.0505697,-0.0194816,-0.0240051,-0.00234413,-0.0680387,-0.134811,-0.200528,-0.166919,-0.0216658,0.00736857,-0.0417529,0.0154728,0.0973213,-0.00523435,-0.14259,-0.161591,0.0240599,0.167339,0.0920635,0.00341128,-0.0327308,0.0246245,0.0288701,-0.00364841,-0.012009,0.153213,0.189485,0.128956,0.0245877,0.0417077,0.065329,0.0507894,-0.042626,-0.0723125,-0.0819538,-0.037095,-0.0665015,-0.0399958,-0.0419742,-0.0413465,0.113957,-0.109384,-0.146328,-0.103432,-0.0515685,0.0241016,0.0428621,0.125612,-0.0745586,-0.0957244,-0.0761191,-0.05275,0.055451,0.122292,0.148905,0.158328,-0.00876091,0.0233523,0.0210789,0.0155831,0.0345791,0.0796774,0.111233,0.096641
0.160753,0.194664,0.030703,-0.109029,-0.0904794,-0.0170902,-0.0418814,-0.0326268,-0.0382754,0.087228,0.0104587,0.0207866,0.129742,0.0466568,-0.0430475,-0.122511,-0.0343847,-0.131995,-0.0474149,0.0479155,0.140317,0.0184912,-0.00138481,0.0900259,0.171056,-0.0348766,-0.0476981,-0.0230566,-0.0896096,-0.109763,0.0292006,0.20208,0.0761647,0.135011,-0.0269726,-0.186584,-0.0325989,0.120545,0.0150594,-0.0562767,0.0158574,0.0994006,-0.0082163,-0.0384787,0.0416765,0.032101,-0.0514582,-0.106856,0.0131589,-0.114474,-0.0540809,0.0263954,0.0491199,-0.0322259,-0.0189388,0.0998991,0.0855256,-0.0528526,0.0142488,0.116012,-0.0318255,-0.192082,-0.0374086,0.134545,-0.0718602,0.0565809,-0.0160446,-0.122869,0.0390555,0.193742,0.0350147,-0.130604,-0.0149266,0.106631,0.0505743,-0.037761,-0.0468607,0.0417423,0.01664,-0.0953593,-0.0163706,-0.104906,0.0145976,0.0267767,-0.0486842,-0.0253658,0.0560818,0.114399,-0.0823608,-0.138642,0.0291791,0.18344,0.0347108,-0.118159,-0.0164059,0.0516352,-0.157596,0.0371596,0.0445428,0.0161515,0.0940079,0.111173,-0.029835,-0.196864,0.0350082,0.130119,0.0480827,-0.0471043,-0.130176,-0.0197696,-0.0106596,-0.0969944,0.0325403,-0.0844166,0.0047294,-0.0205871,-0.143317,-0.0503589,0.0449109,0.124042,-0.169935,-0.201474,-0.0297963,0.106562,0.0909239,0.0211524,0.0448669,0.031296
-0.0365653,0.0897477,-0.0142671,-0.108974,0.00531173,0.0601447,0.0152292,-0.0519655,-0.066318,0.174263,-0.0505242,-0.161052,0.0495948,0.137781,0.0488545,-0.150944,0.0553554,0.125329,-0.0665097,-0.152293,-0.0244211,0.175537,0.0539137,-0.194188,0.0560967,0.0452923,-0.0391869,-0.0950548,-0.0247819,0.111122,0.0166983,-0.0886934,-0.0394544,0.0458594,-0.0398521,-0.113781,0.00951372,0.0361347,0.00724506,-0.0255718,0.00985475,0.131089,-0.0788021,-0.17296,0.0395744,0.0933675,0.0647656,-0.0548827,0.0153097,0.0555128,-0.0712746,-0.130123,-0.0457496,0.190771,0.104065,-0.11746,0.0477117,0.0109988,-0.0320348,-0.0707625,-0.0155135,0.126763,0.053429,-0.0436917,-0.0492732,-0.0319575,0.0055665,0.0358212,0.0182576,-0.101412,-0.0330661,0.044053,0.0116454,-0.0542152,0.0653704,0.102398,0.039802,-0.185812,-0.0804217,0.132737,0.0143679,-0.114266,0.103555,0.182008,-0.0446843,-0.123206,-0.0718583,0.052951,0.0390551,-0.0362729,0.0602209,0.133305,-0.00969082,-0.0682194,-0.0361002,-0.00291374,-0.0513145,-0.0602643,0.0139717,0.0640484,0.0200934,-0.0947418,-0.00577792,0.0865794,-0.0653904,-0.154647,0.0457712,0.135731,0.048269,-0.157492,-0.0422155,0.181775,0.05072,-0.194713,0.0549604,0.174389,-0.0248441,-0.147381,-0.0629826,0.125127,0.0422258,-0.0916495,0.0182099,0.116747,-0.0140248,-0.0868085,-0.0373747,0.0370482
-0.173576,0.0324339,0.105327,0.106997,0.155354,0.094683,0.00812207,-0.126635,-0.0583233,0.08547,0.0868824,0.0109953,0.0189228,0.0497652,0.00910048,-0.0636059,-0.0453976,-0.0530646,0.00549111,0.0283096,-0.00596082,0.017009,0.09063,0.0862914,-0.178459,-0.129587,-0.000866827,0.082768,0.140258,0.109244,0.104307,0.0219232,-0.113164,0.0901786,0.101521,0.0682724,0.097587,0.0665212,-0.0286681,-0.155291,0.0125398,0.0736855,-0.0120736,-0.182622,0.0195365,0.140192,-0.00532447,-0.0495715,0.0126593,-0.0402804,-0.00984752,0.116381,0.0120701,-0.15968,-0.00977136,0.0653423,-0.112658,-0.156859,-0.0283317,0.0727105,0.0914938,0.0605232,0.0920127,0.0837793,0.112095,0.154298,0.0283794,-0.0647933,-0.093297,-0.0729222,-0.100527,-0.0809364,-0.0120951,0.0448589,0.00965124,-0.133467,-0.0194324,0.169843,0.0107724,-0.0576671,-0.0129951,-0.076851,0.0116698,0.172131,-0.0125068,-0.126298,0.00492588,0.0487493,0.113031,-0.0908795,-0.0934512,-0.054832,-0.0940499,-0.0754447,0.0268115,0.157893,0.170642,0.124749,-0.00604041,-0.0894683,-0.1503,-0.113226,-0.106379,-0.0235259,0.0498728,0.0594138,-0.00249429,-0.0375496,-0.014532,-0.0243162,-0.0929877,-0.0757768,0.0503636,-0.0912729,-0.0854444,-0.00274536,0.00403304,-0.0428252,-0.0154792,0.0575284,0.181825,-0.0255378,-0.103429,-0.102172,-0.143715,-0.0898866,-0.00521111,0.130206
-0.0651347,0.156011,-0.0186617,-0.0400236,-0.0171242,0.0441798,-0.0280175,-0.0141152,-0.045956,0.258079,-0.0493306,-0.0531736,0.0760187,0.0248013,-0.0387688,0.0856869,-0.00389195,0.0804073,-0.0661109,-0.0107025,0.0374816,-0.0289407,-0.0177256,0.293721,-0.0616381,-0.0108659,-0.0309315,0.0433866,-0.0227936,-0.0229244,-0.00385639,0.155675,-0.0892292,0.0752253,-0.0845308,-0.0668259,0.00470218,0.0593267,-0.00111928,0.0289433,0.00407599,0.199737,-0.107658,-0.0808955,0.132729,0.0273534,-0.0542759,0.0873699,-0.024843,0.125161,-0.0462984,0.0461337,0.150514,-0.0575023,-0.127856,0.13455,-0.0790728,0.0611211,0.0307566,0.0909695,-0.00645575,-0.0945833,-0.124887,0.0379028,-0.0925688,0.0280643,-0.0008274,0.0593144,0.00423152,-0.0643983,-0.0817994,0.0748312,0.00327785,0.0862416,-0.0544394,0.0299634,0.130973,-0.0846139,-0.105752,0.202107,-0.0220829,0.132303,-0.131282,-0.0574944,0.150433,0.0447634,-0.0447479,0.129314,-0.0782425,0.0342914,-0.128152,-0.0909933,-0.00158575,0.0905265,0.0309476,0.0624724,-0.0698726,-0.0159556,-0.0276727,0.0432457,-0.018025,-0.0359137,-0.013593,0.155901,-0.0513677,0.0855299,-0.0376086,0.0257416,0.073734,-0.0525109,-0.0458158,0.257997,-0.00164374,0.299848,-0.0158578,-0.0260949,0.0392981,-0.0135513,-0.0682624,0.0778858,-0.0619154,0.157662,-0.0014222,-0.0173345,-0.0158859,0.0419929,-0.0342859,-0.0143637
0.0614659,0.115276,0.0497279,-0.130082,-0.271403,-0.0708455,0.00774434,0.0199219,-0.214462,-0.0645055,0.0380834,0.053841,0.0467283,0.0106686,0.0140637,-0.0411222,0.204919,0.0341095,-0.017868,-0.0242128,-0.0436612,-0.0369786,-0.0158081,0.0848284,-0.0643043,-0.0255675,-0.0168259,0.0449215,0.263055,0.157061,-0.0223241,-0.103004,0.033664,0.0782489,-0.0159239,-0.158029,-0.151215,0.0230753,0.0390099,0.00685257,-0.0267571,-0.0595656,-0.0255144,0.0737435,0.0101299,-0.0656027,0.0365599,0.046658,0.036022,-0.0381676,-0.0359027,0.0570639,-0.0110462,-0.0814179,0.0158627,0.0586293,-0.0339989,0.00757118,-0.0289413,-0.0284686,0.155844,0.159126,0.00410189,-0.0979579,-0.0315953,-0.0188734,-0.0567467,-0.0461245,0.157038,0.150877,0.0131848,-0.0783197,0.027656,-0.0533254,-0.0451792,0.0474125,-0.00800492,-0.0777091,0.0291416,0.0640448,-0.0401306,-0.0620621,-0.0164653,0.0782901,0.0157866,-0.0491186,0.0456288,0.0520539,0.0340906,0.0951312,9.47182e-05,-0.158203,-0.157151,0.0415376,0.0459255,0.00465409,-0.0632189,-0.0260753,-0.0150426,0.0594647,0.275239,0.124592,-0.055313,-0.120603,0.209393,0.0438352,-0.0139176,-0.0139189,-0.0387319,-0.0594182,-0.0445814,0.0521061,-0.206137,-0.0729992,0.0260734,0.0384438,0.0407921,0.0208625,0.0191114,-0.0349053,0.0645748,0.105392,0.0318055,-0.153701,-0.266106,-0.0410554,0.0241007,0.0312774
-0.0170142,-0.0572673,-0.0789181,-0.0492787,0.0592533,-0.0912873,-0.0767742,-0.066386,-0.041776,-0.149361,-0.0996306,-0.0645258,0.0846944,0.0119496,0.0110747,0.00276689,0.0407703,-0.0134586,-0.000258956,-0.0334147,-0.073894,0.0682317,0.112672,0.0833925,0.0223914,0.0765586,0.0890132,0.0672632,-0.0580956,0.0647295,0.0972619,0.0128829,0.00205522,0.0162645,-0.021863,-0.0377488,0.0519303,-0.227426,-0.205926,-0.14832,0.0286694,0.0630621,0.0299208,-0.0371225,-0.0141958,-0.162534,-0.100003,-0.140225,-0.0340082,0.127676,0.110749,0.12994,0.00481887,0.0347718,-0.00350941,-0.0959422,0.0104971,0.146173,0.209583,0.19971,-0.0510893,0.0577403,0.0551075,-0.0333832,0.00574175,-0.14628,-0.201854,-0.224605,0.0402421,-0.0500916,-0.0228857,0.0220792,0.0265503,-0.135851,-0.0970269,-0.165832,-0.0108992,-0.0329518,0.0268909,0.0574714,-0.031792,-0.0896757,-0.00121004,0.0275819,0.00624469,0.135394,0.105921,0.122046,0.00657555,-0.0372782,0.0581644,0.0727203,-0.0360095,0.19693,0.204997,0.142351,-0.00924775,-0.0640525,-0.0753846,-0.0959259,0.0387548,-0.0595094,-0.074057,-0.0464503,-0.0550879,-0.00217152,0.0119767,0.0141302,0.0923071,-0.0586039,-0.096691,-0.151895,0.0575539,0.0892325,0.110377,0.0655726,-0.0723108,-0.0322436,-0.00107369,-0.0109185,0.0159082,0.00469366,0.0944698,0.0783593,-0.0324931,0.0735119,0.0890867,0.0727894
-0.000907527,0.087121,0.161736,0.220275,-0.0186006,-0.153325,-0.0847729,-0.0391987,-0.0101692,0.10714,0.110502,0.151979,0.0336267,-0.0844178,-0.0563088,-0.0268007,-0.0348059,-0.0683721,-0.0553186,-0.0547392,0.0893659,0.152421,0.0903835,0.12289,0.0522747,-0.031839,-0.0909017,-0.165291,-0.0318949,0.199604,0.141354,0.115689,-0.00330042,-0.132609,-0.0840022,0.0842368,0.00791573,-0.0448992,0.0816411,0.11995,0.069483,0.0195513,-0.0720586,-0.0286516,-0.0339665,-0.0200675,0.00657361,0.0363336,0.0690994,0.0608038,0.0164748,-0.0400299,-0.002521,0.00948936,-0.100468,-0.0108799,0.0385012,0.132404,0.0806968,-0.0603947,0.00644645,0.0802255,-0.108069,-0.118687,-0.00112016,-0.118488,-0.081288,0.0501818,-0.0112111,-0.0787488,0.0808997,0.133775,-0.0686395,-0.0313088,-0.00695123,0.0236054,0.0324464,0.0345278,0.0719576,-0.0131812,-0.0671517,0.0135115,0.0984545,-0.00170325,0.00221925,0.0449859,-0.0173648,-0.0566812,-0.0388681,0.117645,0.105258,-0.0733751,-0.011358,0.0660722,-0.0825979,-0.133904,0.0023633,0.0407312,0.0827684,0.154641,0.0154423,-0.216838,-0.165971,-0.0829288,0.0135292,0.0297465,0.0522974,0.0853963,-0.0291278,-0.146459,-0.115211,-0.1008,0.0401413,-0.116963,-0.0936136,-0.147221,-0.085538,0.0578098,0.0496134,0.0692497,-0.0509335,-0.113758,-0.144474,-0.194078,0.0297264,0.168117,0.0867118,0.0300432
0.0570922,0.00125566,-0.104006,0.14775,-0.0505412,0.00515633,-0.0794596,0.0339768,0.125412,0.0293378,-0.102511,0.174584,0.089008,0.020798,-0.106468,0.0590506,0.121703,0.0569214,-0.108659,0.041481,0.0866354,0.152906,-0.0910658,0.0269028,0.0613312,0.0304024,-0.0862716,0.0164999,-0.0425154,0.149036,-0.0962019,-0.013454,-0.0484272,-0.0124986,-0.0239061,0.207832,-0.0978212,0.0739521,-0.0291121,-0.001229,0.0330314,0.0505831,0.0158279,0.216542,-0.0767673,0.0383454,-0.0167659,0.103426,0.0340368,0.112088,-0.0155483,0.0643083,-0.0734395,0.192788,0.0175008,0.0379097,-0.0204933,0.00628473,-0.0348175,0.0833151,-0.0944448,0.202874,-0.0257571,-0.021364,-0.0531158,-0.00252162,-0.0284993,0.0717298,-0.0957305,0.212529,-0.0267333,-0.0181403,0.0359391,0.100066,-0.0186126,0.0383918,-0.0816351,0.211093,0.012987,0.0503019,0.0364156,0.0295858,0.00820948,0.1957,-0.073515,0.0594657,-0.0139738,0.113956,-0.0193134,-0.027094,-0.0346423,0.205849,-0.0949173,0.078124,-0.032621,0.00828925,0.0481062,0.0275446,-0.0868692,-0.00237151,-0.0491226,0.156629,-0.0993702,-0.00115662,0.121373,0.0557393,-0.112976,0.0132609,0.0827524,0.17635,-0.100723,0.024145,0.115891,0.0277409,-0.0917193,0.159386,0.0865797,0.0340072,-0.116138,0.0442228,0.062918,-0.0099025,-0.0961914,0.1538,-0.0476533,0.00625843,-0.0933213,0.0253355
-0.083805,-0.0738181,0.0124269,0.0470392,0.0206537,-0.154891,-0.0834016,-0.035578,-0.042086,-0.0243717,0.0626076,0.0462862,0.0183117,-0.13808,-0.0121752,0.102652,-0.0825147,0.0998537,0.0056214,-0.0946224,0.0358553,0.0248524,0.060768,-0.0397772,-0.0944215,-0.0432287,-0.0823761,-0.151384,0.016505,0.0448347,0.0285658,-0.0562253,0.00449506,-0.0813211,-0.0647662,-0.0560732,0.0169816,-0.198639,-0.103549,-0.0101015,-0.0151435,-0.0152017,0.0567093,0.0500954,0.102318,-0.123294,0.0403786,0.265755,0.0157425,0.26855,0.0405784,-0.112987,0.102092,0.0235147,0.0592209,0.00292069,0.0166319,-0.0169408,-0.115913,-0.210175,0.0133902,-0.0552439,-0.0381454,-0.0446471,0.0026206,-0.00964276,-0.102013,-0.197217,0.0119834,-0.0603724,-0.0634212,-0.0799725,-0.0171879,0.263102,0.0409113,-0.120887,0.101438,0.0467146,0.0585979,-0.0132731,0.0169074,0.00103492,0.0572421,0.026712,0.105034,-0.115647,0.0393034,0.269066,0.0194631,-0.0424051,-0.0408255,-0.0544776,0.0185678,-0.21174,-0.119514,-0.0203136,-0.0874312,-0.0345514,-0.0829418,-0.156889,0.0125257,0.0447669,0.0157924,-0.0734868,-0.0491949,0.103411,-0.0106399,-0.138776,0.0147541,0.0455549,0.0649885,-0.0282632,-0.0781332,-0.0375111,0.0572187,0.0221487,0.0386759,-0.0937231,0.00496767,0.0980588,-0.0917271,-0.056236,0.0226729,0.0427401,0.0246468,-0.148245,-0.0838644,-0.0455131
-0.197969,-0.0601344,0.140192,0.0524279,-0.0716448,0.031619,0.0612188,0.0136682,-0.037416,-0.0864193,0.105851,-0.00918895,-0.159059,-0.028562,0.0483583,0.163736,0.0749173,-0.0989227,0.00379677,0.0731265,0.169612,-0.0011716,-0.102591,0.0946948,0.2143,0.0249145,-0.00971052,0.0316116,0.10769,-0.0779581,-0.166841,0.0417577,-0.117916,-0.00395147,0.132607,-0.0307283,-0.0567841,0.0931295,0.0354799,-0.0034832,-0.0210212,0.0813749,0.136109,-0.108019,-0.0880819,0.0860233,-0.0138601,-0.0193435,0.00476289,0.0338198,0.0216147,-0.063834,0.104446,0.118241,-0.0947209,-0.0678757,0.124304,-0.00689808,-0.0519853,-0.0829663,0.066326,0.0371253,-0.0946704,0.0277406,0.118704,0.00335376,-0.0363113,-0.0954841,0.0557099,0.033073,-0.136485,-0.00171362,0.0246345,0.0249742,0.0120017,-0.0866656,0.0943887,0.10883,-0.140908,-0.0811263,-0.00207322,0.0698067,0.0909339,-0.116056,-0.0998673,0.0611417,-0.0234604,-0.025914,-0.124502,-0.0293461,0.089892,-0.0338354,-0.0664056,0.0799602,0.0503082,0.00865952,0.194292,-0.0152154,-0.0635646,-0.036708,0.0684039,-0.0458729,-0.137653,0.0595015,0.0369497,-0.160485,-0.0509248,0.0249623,0.160549,0.0136801,-0.102968,0.092559,-0.0771416,-0.0902107,0.103587,0.00670675,-0.168724,-0.0767254,-0.00419093,0.104628,-0.21891,-0.0408831,0.168628,0.0857218,-0.110697,-0.0373783,0.00741334,-0.0258052
0.127098,0.0439257,0.0302045,0.0115601,0.0938299,0.0943056,0.115498,0.14113,0.105812,0.14222,0.0784573,0.0374151,0.132726,0.12051,0.136015,0.185915,0.0801071,0.216357,0.156222,0.116274,0.10313,0.0453775,0.109042,0.141895,0.0806505,0.156176,0.139069,0.0955368,0.0689788,0.0457166,0.0837047,0.051289,0.072983,0.0190381,0.0440273,0.0310352,0.0389357,0.00281084,0.0269022,0.0906272,0.000506124,0.0608316,0.0598888,0.0358788,0.0705078,0.0297049,0.0237585,0.0733482,-0.00874092,0.0496533,0.0277997,0.0536789,0.0468441,0.00818087,0.0880734,0.109066,0.040897,0.100563,0.0491536,0.0118539,0.0214069,0.0482267,0.0771804,0.0245516,-0.0678634,-0.0892722,-0.0260542,-0.00629507,-0.0338418,-0.0384066,-0.0457826,-0.0197206,0.00228721,-0.0812521,-0.0275579,-0.0309411,-0.0662788,-0.0426557,-0.0633984,-0.067886,0.0110147,-0.112354,-0.0956971,-0.0146432,-0.0446096,-0.0531868,-0.0282453,-0.0580695,-0.0366389,-0.0264159,-0.0813042,-0.050466,-0.0167067,-0.00991215,-0.0471313,-0.0980122,-0.12979,-0.141188,-0.112281,-0.0947102,-0.0922755,-0.0149379,-0.0218529,-0.0429731,-0.110385,-0.186162,-0.13121,-0.119673,-0.141255,-0.044337,-0.0699878,-0.144652,-0.0881625,-0.14064,-0.103053,-0.0464666,-0.113465,-0.118331,-0.14927,-0.21961,-0.0823249,-0.0509654,-0.0776154,-0.0455273,-0.0740349,-0.0948788,-0.133184,-0.154231
0.0437964,0.0167463,-0.133761,-0.166335,0.125644,0.0310631,-0.0117742,-0.00784044,0.0745031,-0.0301711,-0.129319,-0.0987785,0.153565,0.0258566,-0.0181344,0.00430992,0.0881112,0.0114263,-0.0384338,0.0324162,0.160385,-0.10164,-0.120906,-0.0519825,0.0362023,-0.0132465,-0.0250533,0.0383647,0.142879,-0.179463,-0.120071,0.0217238,-0.0970428,0.103151,0.112295,-0.0698556,-0.0169051,-0.0550197,0.00175837,-0.0437751,-0.127597,0.0934829,0.17725,0.0178301,-0.0801144,-0.0320228,0.100614,0.072507,-0.117075,0.0656788,0.0924984,-0.0118472,-0.065565,0.0114172,0.176351,0.0947978,-0.098995,-0.0351402,0.00420802,-0.0531932,-0.0245995,-0.0912968,0.124231,0.123136,-0.0963163,-0.0462765,0.000890976,-0.0555002,-0.019941,-0.0727448,0.109736,0.103164,-0.126382,0.0685191,0.0985555,-0.031925,-0.079807,0.0166099,0.1733,0.090208,-0.115428,0.0924678,0.174012,0.00939689,-0.0692646,-0.0115604,0.0915487,0.0610168,-0.105759,0.121706,0.126781,-0.0909509,-0.0302514,-0.0526481,0.00609976,-0.0394275,0.0443641,-0.0113855,-0.0166772,0.0257487,0.120427,-0.167195,-0.134092,0.0157758,0.0744215,-0.00372546,-0.024735,0.0231279,0.155838,-0.0967573,-0.132649,-0.0367346,0.0877977,-0.0571941,-0.121998,-0.102415,0.153374,0.0284708,-0.0415404,0.00584726,0.025603,0.0169843,-0.116541,-0.17845,0.133204,0.0359079,-0.0256406,-0.0186734
-0.00671775,-0.0624183,0.0742036,0.191227,0.0749336,0.0166444,0.076319,0.0912528,0.0893959,-0.0182457,-0.0418236,0.00389222,0.095526,0.0299744,0.0313479,0.087629,0.10453,0.185877,-0.00421942,-0.0575431,0.0658952,-0.0138827,0.00715839,-0.00890778,-0.0819208,0.108317,0.0384969,-0.0418827,0.189725,0.166603,0.131865,-0.00202599,0.0354301,0.0686696,0.154568,0.154309,-0.0800917,-0.0290681,0.0758709,0.0940674,-0.0170482,-0.0242668,-0.0920107,-0.104336,0.0254648,-0.0160391,-0.0341935,-0.0408524,-0.109724,0.0117183,-0.0487555,-0.0642294,0.0528491,-0.141061,-0.0628306,-0.025009,0.00380275,0.183691,0.0814723,-0.12152,-0.0237241,-0.00581482,0.154639,0.15993,0.0353522,0.0917317,0.0755122,-0.02457,-0.0813326,0.148917,0.158377,0.0719491,-0.0167008,-0.0432244,-0.0368103,-0.0143658,0.0259198,-0.106492,-0.0892419,-0.0246834,-0.109533,-0.0274405,-0.0648816,-0.140003,0.0526894,-0.0632154,-0.0474254,0.00907004,0.000415596,0.156256,0.156047,-0.0016539,-0.0292873,-0.12432,0.0822164,0.184314,-0.00722812,0.0916106,0.0758098,0.0160095,0.0735631,0.190394,0.0792396,-0.0617103,0.0931993,0.0917558,0.0295537,0.0283687,0.0978336,0.00670783,-0.0395442,-0.0259903,0.108201,-0.00659076,0.00577034,-0.0163199,0.063026,-0.0540361,-0.00231298,0.17979,-0.0858445,-0.00674933,0.131585,0.164065,0.180134,-0.0392375,0.0431549,0.108531
-0.0274357,0.0832862,0.183205,0.0974191,0.206133,-0.0898869,-0.0605261,0.0694389,0.0751185,-0.0826593,0.0981364,-0.00105063,0.0662329,-0.0442181,-0.0496196,0.226436,0.0218721,-0.112136,0.0747024,0.0516301,0.00881343,0.00482923,-0.0997962,0.0670792,0.0152326,0.0320654,0.127587,0.086297,-0.177909,-0.00432498,-0.122976,-0.134289,0.0401199,0.160404,0.0853566,-0.186501,0.0266768,-0.0987016,0.0463482,0.193859,-0.0967499,0.012133,0.0710328,-0.154997,0.046901,0.034432,-0.0483446,0.04763,0.0677628,-0.0804226,0.0116495,-0.0580396,-0.00114413,0.0597324,-0.102669,0.00327926,-0.0461911,-0.106612,0.00685568,0.0538495,-0.0795661,0.238447,0.0273358,-0.105818,-0.0620897,0.142924,0.0396921,-0.165928,0.0209347,-0.110635,0.053957,0.13094,-0.140611,0.0768436,0.0191536,-0.0636699,0.0217157,-0.0496542,-0.00330478,-0.030923,0.0841533,0.0712477,-0.0254534,-0.037856,0.0194709,0.0109157,-0.042116,-0.0650153,0.0612676,-0.0602516,0.0292172,0.174602,-0.0188612,0.101146,-0.00253134,-0.0573834,-0.19383,0.0142792,0.00765733,-0.025027,0.168048,0.0231375,0.0810102,0.0259781,0.0381541,0.102448,0.00286331,-0.0460465,-0.081365,-0.10175,0.0325017,0.0780054,0.00470084,-0.0424597,-0.0586384,0.0616938,0.154528,0.0318402,0.0133856,0.0200025,0.186878,-0.0523705,-0.0638786,0.0638084,-0.0533268,0.0215114,0.0317239,0.0715452
-0.227939,-0.030403,-0.037951,-0.0481877,0.0506009,0.0373631,0.0531393,-0.0425573,-0.00776076,0.155132,-0.0336687,-0.123227,-0.156944,-0.0305921,0.0370248,-0.0449353,-0.0162447,0.102691,-0.0385705,0.00587897,0.188315,0.0729379,0.00206006,-0.10388,0.228258,0.0694702,-0.054851,-0.042153,0.0552525,0.0813458,0.012234,0.034185,-0.111048,0.0441359,-0.000701717,-0.00544251,0.00611811,-0.126268,0.013346,0.0237204,-0.101275,-0.0551873,-0.06187,0.0593641,-0.00827221,-0.110781,0.0585917,0.0609951,0.0570098,-0.0279336,-0.0624643,0.0667704,0.0261783,-0.100017,0.0458355,0.0899855,0.113596,0.0131672,-0.00713199,0.0832601,0.0321548,0.0425158,0.0129772,-0.00405494,0.0978888,0.142926,0.0293652,-0.00284617,0.0195781,-0.146055,0.0626614,0.0953787,-0.014094,0.000425181,-0.0725768,0.0956413,0.0427682,-0.159539,0.0936117,0.0447924,0.0215828,-0.0566015,-0.109567,0.111701,-0.0191606,-0.0873903,0.0466762,-0.0470696,-0.104447,-0.0860135,0.00626527,0.160453,-0.079047,-0.00118602,0.00686641,-0.0991554,0.117966,0.0827646,-0.0807621,-0.0963702,0.128882,0.104776,0.168094,0.0875726,0.0597435,0.204972,-0.060838,-0.0158402,0.147605,0.0757316,0.101477,-0.155979,0.0237153,0.11752,-0.0776949,-0.0380905,-0.110574,0.0368662,0.0824471,-0.154419,-0.126688,-0.126232,-0.105746,-0.0539664,-0.17629,0.0953363,0.132697,-0.0211117
-0.0777976,0.000975786,0.0187486,-0.0328659,0.0862641,0.0635972,-0.0714342,-0.143543,0.0763687,-0.118082,0.0231819,0.051002,-0.0596119,-0.0931294,-0.0866761,0.0421447,-0.0558058,-0.075875,0.0806684,0.110358,0.0384506,-0.0394231,-0.0101054,0.0728289,0.0600628,0.154003,0.0913421,-0.0526497,-0.144579,0.0282826,0.00692574,-0.0306,-0.0169256,0.0974103,0.00781919,-0.145714,0.049165,0.152161,-0.0661524,-0.177101,0.0188744,-0.138904,-0.0243963,0.109286,-0.012713,-0.122629,-0.0547403,0.0464846,0.00162868,-0.105124,0.0316777,0.158065,0.0177392,-0.132703,0.0136126,0.113163,0.00170366,0.172672,0.072064,-0.135859,-0.0791976,0.15398,0.0215697,-0.11487,0.0164196,0.172621,0.0678964,-0.142925,-0.0529792,0.15695,-0.00829491,-0.102505,-0.0150714,-0.0485962,0.0548322,0.120587,0.0106585,-0.103804,0.022256,0.139071,-0.00849139,-0.114787,-0.00899147,0.126564,-0.0208446,-0.156188,-0.030314,0.103423,0.00264458,0.119982,-0.0186388,-0.162011,0.0827736,0.132433,-0.0705701,-0.167422,0.086272,0.146423,0.0766732,-0.0593181,-0.0941116,0.0317328,-0.025128,-0.00338551,-0.0724839,-0.0455162,0.0898299,0.0950929,0.0650313,-0.0472804,-0.0279959,0.119445,0.0567824,-0.0743175,0.0160408,0.0365006,-0.0410655,-0.110969,-0.0808237,0.0794185,-0.0592776,0.030833,-0.000674759,-0.0273551,0.154192,0.0513005,-0.0917031,-0.153837
-0.0403328,0.0855145,-0.0307688,-0.136526,-0.0582038,-0.0121047,0.0577578,0.0902018,0.0162021,0.0987668,-0.0239438,0.031546,0.0992058,-0.115888,-0.00747527,0.102485,-0.0329769,-0.0979974,0.00374089,0.099498,-0.0683954,-0.0567125,0.034343,-0.0484934,0.0544886,-0.135215,-0.100677,0.00555213,0.184027,0.174542,0.0419464,-0.0393632,-0.165269,0.0381318,-0.0013685,-0.0598309,0.0396741,-0.00112705,0.036689,0.0418114,0.053788,0.0760235,-0.0545221,0.0476031,0.16314,-0.156694,-0.0343424,0.126442,-0.132072,-0.0835331,0.0722786,0.141974,-0.203467,-0.0953937,0.0525415,-0.115516,0.189345,-0.0235981,-0.0228043,-0.000539274,-0.0246948,0.0254757,-0.0197902,-0.0260096,-0.183236,0.0460316,0.0568462,0.00158546,-0.00599571,-0.0469507,0.0249824,0.0250005,0.0772068,0.0817805,-0.0422362,-0.134539,0.172908,0.0471222,-0.0715906,0.058136,-0.10477,-0.133764,0.0466709,-0.107095,-0.190633,0.171097,0.05123,-0.128886,0.185448,-0.0322162,0.0114198,0.0196409,-0.0657011,0.0158031,-0.00961494,-0.0222878,-0.0711475,0.105706,0.0978872,-0.00497244,-0.139388,-0.129976,0.00558637,0.061628,0.0533182,0.0836961,0.0116057,-0.0873373,0.0907192,0.051054,-0.00779954,0.076702,0.0112174,-0.0978475,0.0594466,-0.0221077,-0.0603565,0.117516,0.00603195,-0.0991265,0.0458896,-0.0591265,0.0859954,0.182543,0.112975,0.00598262,-0.0779809,-0.119934
-0.102397,-0.0703893,0.11902,0.00913853,-0.278546,0.0136802,0.139645,0.0720333,0.123122,-0.0683353,0.0486984,0.0731986,-0.0112891,0.0798006,0.0676036,-0.0386947,0.146018,-0.0116535,0.00392784,0.0680967,0.00922863,0.111457,0.093195,-0.17777,-0.0230691,0.0287333,0.0606284,0.0145096,-0.191729,0.0520015,0.151784,-0.082798,-0.0836773,-0.0398946,0.0878017,0.0336126,-0.147766,0.00841061,0.0756489,0.0260078,0.0839861,-0.0378746,-0.0594301,-0.010982,0.0485501,0.0603617,-0.0298299,-0.13324,0.0668114,-0.157996,-0.0592114,0.11745,0.00893157,-0.0519589,-0.0078256,-0.0877456,0.00934416,-0.0156327,0.0327691,0.0680635,-0.136336,-0.0244579,0.112287,-0.0121703,0.028664,-0.010791,-0.0610601,-0.0083014,0.15236,-0.0489662,-0.0864129,0.0488453,-0.0675667,0.162283,0.021127,-0.104707,-0.00310604,0.0220754,0.0392162,0.0588452,-0.108039,0.045943,0.0253974,0.0200012,-0.0701368,-0.0694729,0.0781899,0.124779,0.0449994,0.00821665,-0.108081,0.0261953,0.118293,-0.0693939,-0.0371625,0.0093006,0.0871207,-0.0377372,-0.116369,-0.0178843,0.249767,-0.0495408,-0.125245,0.0910884,-0.115377,0.0684197,-0.0672766,-0.110269,0.0430495,-0.0604862,-0.0553252,0.0924495,-0.143911,0.154202,-0.0805302,-0.126105,-0.0242166,-0.0332489,-0.0033124,-0.0165371,0.0346938,0.0691737,-0.128834,0.000231951,0.244163,-0.0119566,-0.0888175,-0.0698295
-0.0506375,-0.0673385,-0.00668138,0.000859747,0.0394167,0.0576032,0.0335288,-0.0310627,0.228263,0.00846357,-0.0771638,-0.0318254,0.136919,0.0708365,-0.018723,-0.00826499,-0.261861,0.0529944,0.0315369,-0.108079,-0.0990522,0.0109347,0.0676272,-0.0060559,0.107803,0.150931,0.0368018,-0.0719947,-0.14318,-0.0879279,-0.0598703,-0.00296686,-0.0913308,0.0195926,0.159348,0.0555357,-0.176878,-0.057687,0.0224416,-0.053259,0.0876999,-0.0152971,0.00240138,0.0613494,0.129335,-0.00996399,-0.0585805,-0.00622954,-0.0560442,-0.0160602,0.00983653,-0.0855061,-0.112385,-0.0677145,0.0304892,0.0932085,0.0345415,0.0452346,-0.0337451,0.0413447,0.229462,-0.0101357,-0.151386,-0.074334,-0.0891255,-0.0566445,0.0192153,-0.0554401,-0.173441,0.0531291,0.157786,0.0218245,0.0859887,-0.00584365,-0.0597831,-0.00994418,0.129064,0.062592,0.00395113,-0.014911,-0.0568221,0.0965874,0.0312252,-0.0665685,-0.113402,-0.085436,0.0118131,-0.0153788,0.0368421,-0.0732136,-0.153754,-0.00798412,0.232048,0.0412164,-0.0335783,0.0465918,-0.0459529,-0.0297205,0.031788,0.0583304,0.0418435,-0.00158316,-0.0120681,-0.0687228,0.226085,-0.0074285,-0.0210769,0.0680064,0.133867,-0.0313343,-0.0769086,0.00951473,-0.263833,-0.00292957,0.065348,0.00830012,-0.0998552,-0.10445,0.0355774,0.0537866,0.111078,-0.000130094,-0.0621987,-0.0855209,-0.139216,-0.0702927,0.0370842,0.152331
-0.0787676,0.0736369,0.120693,0.159074,0.178851,-0.0195806,-0.142378,-0.2227,0.116208,-0.0198179,0.00364764,0.00936014,0.00897092,0.034456,-0.0804534,-0.127246,-0.0398929,-0.112573,-0.0501288,-0.0215154,-0.0184049,0.0481612,0.0156795,-0.00248426,-0.00160875,-0.158766,-0.110052,-0.0198124,0.0823673,0.0583157,0.0688218,0.150403,0.047746,0.0169601,-0.0050789,-0.111149,-0.159702,0.00722496,0.0553268,0.0130402,-0.104285,-0.154173,-0.0316621,-0.0423112,-0.0360308,0.161896,0.102658,0.0400961,-0.105451,0.0809582,0.103498,0.0762932,-0.111931,-0.000822871,-0.0216834,-0.137153,0.0328429,0.00968864,0.0521141,0.0934076,-0.0347163,-0.107711,-0.0759803,0.00998368,0.0453363,0.0145183,0.054631,0.00310992,-0.160426,-0.106923,-0.00317766,0.014165,-0.102816,0.0380481,0.100001,0.163633,-0.0318785,-0.0444341,-0.0348831,-0.155055,-0.104577,-0.134477,-0.0275868,-0.00104437,-0.108716,0.0722752,0.102467,0.08025,0.0307943,0.0111582,-0.0787797,-0.106374,-0.0354516,0.0886379,0.053717,0.0104395,-0.0815246,-0.218868,-0.13844,-0.0166546,0.174563,0.153929,0.119469,0.0708753,0.114949,-0.126865,-0.0807479,0.0349165,0.0088382,0.00517727,0.00485883,-0.0152878,-0.0431825,0.00148548,0.0127407,0.0449844,-0.0154468,-0.0231616,-0.0487364,-0.10932,-0.00863652,0.153802,0.0701396,0.0569853,0.0808177,-0.0220126,-0.109768,-0.160225
-0.170558,-0.00936099,-0.0430619,0.0224112,0.0913644,0.0816355,-0.00858272,-0.0579192,0.0210732,-0.0258705,-0.0811423,-0.0378808,-0.127088,0.12667,0.0496145,0.0407983,-0.0321405,0.064132,0.0446319,0.139671,-0.186519,-0.0411532,-0.030938,-0.0710159,-0.175533,-0.0901599,-0.0190916,0.124566,0.041188,-0.012097,-0.0104165,0.0136748,0.0598714,0.199371,0.0663584,0.0395252,-0.0415657,-0.142946,-0.14719,-0.0477997,0.106793,0.0499644,-0.0390704,0.10836,0.064182,0.105464,-0.0286638,-0.0111699,0.118382,-0.0175005,-0.0496477,0.132008,0.0468963,0.105388,-0.0274884,0.0359818,0.117968,-0.0686244,-0.16692,-0.0658739,0.0107764,0.0227506,0.0255875,0.195563,0.0594523,-0.0428064,-0.141356,-0.146653,-0.0397262,0.0398324,0.0617652,0.200219,0.107243,-0.00797555,-0.0264347,0.101519,0.0633787,0.107651,-0.0389746,0.0571206,0.116468,0.0313286,-0.0242735,0.105748,0.0481979,0.136046,-0.0503839,-0.0163938,0.117447,0.194044,0.0306328,0.021044,0.00928167,-0.0642391,-0.172029,-0.0694565,-0.174328,-0.0619875,-0.0102496,0.0747646,0.0990774,0.0275914,-0.0383004,9.54679e-05,0.0192705,0.0452387,0.0544015,0.129079,-0.119095,-0.0424882,-0.0854616,-0.023699,-0.0293841,-0.0716982,-0.0274187,-0.0389344,-0.188434,0.136443,0.0393143,0.0615982,-0.172925,0.00619351,-0.0141835,-0.0197343,0.0370613,0.127649,-0.0181494,-0.0858549
0.122801,-0.0210781,0.0569317,0.104715,0.123828,0.0230291,-0.0657448,-0.0486138,0.118095,-0.169272,0.0611444,0.135513,-0.0507828,0.00912607,0.00755573,-0.0608975,0.103141,-0.0499147,0.00534252,0.0363199,-0.0335978,0.103955,0.0548967,-0.192756,0.104813,-0.0826191,-0.101291,-0.0108587,0.126535,0.128083,0.0826502,-0.00313231,0.0615394,0.0186816,0.0709957,-0.111052,0.0288782,0.165225,-0.0330416,-0.0262239,-0.0366812,-0.103283,0.1606,0.0879845,-0.111316,0.00010149,0.0791547,0.0724677,-0.0265699,0.0600703,0.0673415,-0.0116309,-0.128059,0.0757027,0.166844,-0.0786509,0.067888,-0.0214149,-0.0235245,0.154197,0.0231325,-0.12093,0.0520349,0.0200834,-0.0654639,0.0320613,0.0350116,-0.16877,-0.0261661,0.114801,-0.075617,-0.0182481,0.0367644,-0.0783403,-0.0804078,-0.00295431,0.111598,-0.0883442,-0.163847,0.109512,0.0323631,0.0785816,-0.16434,-0.0745063,0.129262,0.00850352,-0.0724307,-0.0631163,-0.0735729,-0.0206452,-0.0490491,0.119632,-0.0197111,-0.152528,0.022675,0.02114,-0.123447,0.0576162,0.0694492,-0.0308218,-0.127416,-0.10066,-0.0624628,0.0190702,-0.121767,0.0627688,-0.00505593,-0.0130665,0.0508482,-0.134382,-0.0652761,0.171462,-0.104534,0.189747,-0.0525726,-0.105577,0.0352425,-0.0366041,-0.00819284,0.0514845,-0.103622,0.00140407,-0.0823868,-0.139252,-0.132128,0.0135626,0.104303,0.0901153
-0.097785,0.183919,0.0965038,0.163244,0.110855,-0.116912,-0.0511816,-0.0973372,-0.08308,0.0113044,-0.0878951,-0.0594016,0.0542094,0.0471939,0.114783,0.0903174,0.0671692,-0.0621441,-0.131878,-0.0806728,-0.0370283,0.070521,0.1023,-0.036639,0.137713,0.112457,0.00943277,0.0844652,-0.0551134,-0.145809,-0.10228,-0.195985,0.00984448,0.0668324,-0.1293,-0.0319482,0.0249383,-0.028478,0.101413,0.0431537,0.0131436,0.133973,-0.0301343,0.0169568,-0.0568823,-0.115485,0.0523465,0.0428959,-0.029977,-0.0080033,-0.0381026,0.132345,0.0366578,-0.0625976,0.0947971,-0.0950262,-0.00595251,-0.0360658,-0.122103,0.0432169,-0.0142627,-0.00348111,0.149706,-0.0587017,-0.00857804,-0.0487737,-0.110564,0.0306884,-0.021785,0.0286189,0.134445,-0.0552663,-0.00336894,-0.0453283,-0.0601507,0.121058,0.0571266,-0.0118378,0.0346335,-0.133767,0.0347886,0.100844,-0.103645,0.0694607,-0.0306468,-0.131,0.0365972,0.0046694,0.00743204,0.0703553,-0.149894,0.0102379,0.0111373,-0.0567971,0.115303,0.0403699,0.0947034,0.0967561,0.0476931,0.125378,-0.111766,-0.174955,-0.0979633,-0.182115,0.0769067,-0.0850856,-0.119721,-0.0401117,-0.0632207,0.0581099,0.090237,-0.0241672,-0.0668023,0.0371848,-0.11434,-0.0699354,0.0260137,0.0834076,0.138093,0.0640926,-0.151467,0.19333,0.0957458,0.154481,0.0582489,-0.0865212,-0.00887062,-0.110454
-0.0228512,-0.0806722,-0.0639342,0.230566,0.0198655,-0.169427,0.0494419,0.0937567,0.0053934,0.118302,-0.126195,0.0417199,0.004586,-0.101375,0.101941,-0.0270952,-0.0192156,0.0120604,-0.109039,0.0470585,0.0194536,-0.0543899,0.132588,-0.0982399,0.0669921,-0.0475568,-0.0241775,0.13922,-0.0642682,-0.241373,0.0628875,0.0610053,-0.0109606,-0.0383774,-0.0748124,0.0989457,-0.0282761,-0.11826,0.085329,0.134124,-0.0412144,0.138537,-0.130189,-0.0581514,0.0357569,-0.044067,0.103919,-0.0684148,0.0576979,0.0519132,-0.100358,0.00475803,-0.0105061,0.0173512,0.134283,-0.109941,-0.00711974,-0.0996474,-0.0216504,0.154198,0.0548986,-0.0706397,0.0843031,-0.00929213,-0.00977845,0.133566,0.0773013,-0.111878,-0.0271444,0.0956747,-0.0628075,-0.0422701,-0.0419705,-0.0662105,0.10155,-0.0389964,0.037877,-0.0576451,-0.123775,0.12779,0.058379,-0.106598,0.134112,0.0166209,-0.015736,0.00101764,-0.0998113,0.05013,-0.00459599,-0.00744847,0.0785397,-0.0754878,0.0550008,0.155281,-0.0175435,-0.0986158,-0.0166309,0.100449,0.0506586,-0.161978,0.0184723,0.222106,-0.0622408,-0.0911714,0.0117857,-0.0314727,0.0946789,-0.103541,0.000790436,0.0470704,-0.116698,0.111655,-0.0214341,-0.108868,0.127722,-0.0535058,0.0211239,0.0486403,-0.105596,0.0127185,0.0634978,0.0671503,0.0702984,-0.229278,-0.0601413,0.127962,-0.0315241,-0.0564305
-0.0835847,-0.138687,0.12036,0.0501917,-0.127739,0.0050837,0.0223443,0.0892044,0.012821,-0.106571,0.104093,5.0465e-05,-0.0254665,0.0263949,-0.0218331,0.143824,-0.0511596,-0.0777614,0.0598588,0.0134109,0.0294557,0.0429113,-0.111644,0.104156,0.0718373,-0.0220198,0.000259852,0.00971922,0.130433,-0.0965281,-0.180349,0.145085,0.0262195,-0.0783019,-0.040396,-0.0193934,0.0248129,0.00224885,-0.0655526,-0.00377548,0.0943372,0.116759,-0.0363074,-0.132276,0.146573,0.0618146,-0.0831861,-0.160157,-0.0957178,0.109105,0.025619,-0.0940408,-0.209664,0.175257,0.00702335,-0.133583,-0.0830932,-0.0171964,-0.0215066,-0.0730022,-0.027709,0.00746809,7.41306e-05,0.0981706,0.0263737,0.00765332,-0.0697578,-0.00250111,0.0205545,-0.024192,-0.0371101,-0.0883567,0.0961387,-0.146222,-0.0906166,0.0536117,0.14325,-0.128385,-0.0275164,0.107778,-0.101373,-0.123229,-0.000503321,0.176824,-0.208548,-0.0899075,0.0383894,0.0998847,-0.0887467,0.119491,-0.00499846,0.00760839,-0.0287586,-0.067779,-0.0110123,-0.0362984,-0.0936004,0.0822577,0.010024,0.00357638,-0.125424,0.0486171,0.135602,-0.134392,0.0126217,0.142668,-0.0282569,0.0449781,-0.0191889,-0.0218349,0.109753,-0.105023,-0.0426071,0.100635,-0.120726,0.0686466,0.0285891,-0.00664065,0.0656395,-0.073396,0.0735617,0.145099,-0.192841,-0.0909401,0.126427,0.00804887,0.0129149,-0.0183553
-0.0326576,0.0344903,0.169725,-0.0544825,0.0745924,0.0718108,-0.0446368,0.0317429,-0.0308993,0.0544545,0.133455,-0.175112,0.0289894,0.16464,-0.0344175,0.0402925,0.00731175,0.0111553,0.0470157,-0.186985,-0.0312977,0.189225,-0.11474,-0.0686934,0.0302685,-0.0154969,0.039766,-0.0973606,-0.0596537,0.0824803,-0.158446,-0.047241,0.0357061,-0.114239,0.0853549,-0.0256346,0.0268815,-0.00748745,-0.0614212,0.156811,0.0327466,-0.11288,0.0708721,0.0501237,0.024171,-0.0650062,-0.074466,0.154267,-0.0330882,-0.163908,0.0523612,0.0528847,-0.00618722,-0.0537612,-0.0933473,0.109123,-0.0163586,-0.172097,0.0446404,0.0139914,-0.0104952,-0.004063,-0.10563,0.12502,-0.0334471,-0.162634,0.0567434,0.00523235,-0.0296811,0.0261956,-0.0864294,0.0948976,-0.0309883,-0.169092,0.0706044,0.0705327,-0.0116947,-0.0732639,-0.0716703,0.127412,0.0221133,-0.123359,0.0950911,0.0750824,-0.011218,-0.0617269,-0.051559,0.175264,0.0167891,-0.116317,0.102723,0.00879429,0.0067157,-0.0190583,-0.0533528,0.15882,0.0373342,-0.0250163,0.0477078,-0.0729486,-0.0800691,0.0629231,-0.159158,-0.0542948,0.0357448,-0.0284024,0.0364734,-0.158214,-0.0218342,0.170921,-0.119144,-0.0562865,-0.00685637,0.0820633,0.109772,-0.18357,0.0308932,0.196767,-0.0322082,-0.0165915,-0.025741,0.0620582,0.145072,-0.0880661,0.067922,0.10963,-0.0335087,0.00351984
-0.178591,-0.033848,0.0747348,-0.011854,-0.0488242,-0.131622,-0.0773183,-0.033461,0.0483458,-0.0808476,-0.0685014,-0.0430354,0.223193,-0.112941,-0.115187,0.138593,0.042719,0.175288,-0.0599961,-0.115495,0.23748,-0.00766845,-0.0574236,-0.0191567,-0.168116,0.0307917,-0.00305879,-0.0845287,-0.000511209,0.00357366,0.0990963,0.0186563,-0.0994128,0.0496579,0.0733195,-0.144769,-0.092912,0.0153037,-0.0124346,-0.0255728,-0.0486704,0.0154017,0.0584551,-0.041905,0.0209474,-0.0694958,-0.0158838,0.109021,-0.0574959,0.154747,0.0305094,-0.082901,0.0421662,0.00214831,0.0466363,0.0277142,-0.0999169,0.00730883,0.0305548,0.0367975,-0.0669364,-0.1318,0.100676,0.0985044,0.103794,0.022548,0.00682973,-0.0147405,0.0902178,0.147273,-0.0749813,-0.05256,0.0462395,-0.110563,0.0132871,0.0710444,-0.0186579,0.037412,-0.0587743,-0.0109553,0.0545455,-0.0319106,-0.0441483,-0.00104019,-0.0445604,0.0815735,-0.0291319,-0.150784,0.0990975,-0.0969722,-0.0959413,0.129774,0.0640899,-0.0386075,-0.0318131,-0.0111002,0.177963,0.0328447,0.0764521,0.135532,0.0489604,0.0161104,-0.0716451,0.0287829,-0.0486102,-0.131891,0.116283,0.116974,-0.224265,0.0390731,0.0719361,0.0812665,-0.0406266,0.0211214,0.0568682,0.00844398,-0.236076,0.117853,0.062084,-0.177263,0.170968,-0.0177413,-0.102247,-0.007536,0.006857,0.088574,0.00308434,-0.0351784
-0.0477563,0.0739781,-0.12847,-0.0243291,0.0776284,-0.0850586,-0.0277549,0.125444,-0.134226,0.037194,-0.0781928,0.0424953,0.00458134,0.00905674,0.0152911,0.0483502,-0.112382,0.0938719,-0.0137139,-0.0181666,0.0139038,0.0878723,-0.04043,-0.0425621,-0.0725285,0.119779,-0.0268302,-0.0720967,0.0283881,-0.0110134,-0.0608956,0.0575064,-0.156626,0.0340597,-0.133601,-0.0741423,-0.0628534,-0.139186,-0.0696401,0.0705457,-0.0924842,-0.142672,-0.106327,0.0741835,-0.203265,-0.0499146,-0.0630126,-0.101359,-0.037905,-0.184852,-0.0806792,-0.0058245,-0.147472,0.00896297,-0.127322,-0.0950638,-0.153671,0.0407037,-0.0675002,-0.0914786,-0.0628273,-0.105998,-0.13666,0.0234824,-0.157144,0.062354,-0.0678892,-0.144002,-0.0625725,-0.0730983,-0.145374,0.0394237,-0.0908451,-0.10735,-0.0618349,-0.0523478,-0.206164,0.0795989,-0.111285,-0.140957,-0.0373826,-0.103332,-0.127313,0.0235647,-0.148915,-0.00635124,-0.0760083,-0.181813,-0.150178,0.030419,-0.134679,-0.106238,-0.0634471,-0.0818879,-0.0630255,0.0370914,-0.053939,0.118324,-0.0295151,-0.0891902,0.0755909,-0.0232636,-0.133982,0.0766996,-0.132773,0.0470252,0.0175809,0.010212,-0.00108198,0.044219,-0.0816537,0.0343455,-0.103011,-0.0418467,-0.0356674,0.0972619,0.00873404,-0.0100176,-0.00530697,0.093252,-0.068621,0.0616744,-0.0556893,-0.00349597,0.029606,-0.060969,-0.0167734,0.119436
-0.203291,0.00187673,0.0703994,0.0417582,-0.0909834,0.066848,0.0780808,-0.0315333,-0.0452733,0.0634478,0.00695481,-0.0644321,-0.199473,0.0986632,0.0948027,-0.0373868,0.0210218,0.0238497,-0.125473,-0.128172,0.154375,0.0634369,-0.0114965,-0.102932,0.198655,0.0400133,-0.102961,-0.100191,0.0879775,-0.0391611,-0.0650231,-0.0202843,0.149507,0.0645645,-0.0357846,0.0507523,0.0779341,-0.0905444,-0.118613,0.0114365,0.0488367,-0.0598913,-0.0345512,0.16608,0.0828698,-0.0293817,-0.0679411,0.0732908,-0.00496911,-0.0548153,0.056475,0.0690792,-0.0377389,-0.16849,0.0408279,0.0985107,-0.126604,0.0124425,0.121452,0.101266,-0.0481526,-0.0500027,0.0656425,-0.0397855,0.141461,0.00427272,-0.103615,-0.0839749,0.0686757,0.0538317,-0.0388869,0.0771445,0.0472686,0.0823358,-0.0471911,-0.0414842,0.0780603,0.20197,-0.042886,-0.0655351,-0.00429206,0.0863799,0.0407281,-0.142936,-0.0448558,0.0548593,0.0608147,-0.0425789,-0.136146,-0.0437535,0.0563608,-0.0483301,-0.0582748,0.090444,0.125015,0.010691,-0.219278,-0.0502043,0.0952581,0.0869193,-0.0936459,0.0445898,0.0741264,0.0246915,-0.0211529,-0.0440007,0.107806,0.107556,-0.196829,-0.0545337,-0.00703804,0.0835408,0.0362677,-0.0880568,-0.0195787,0.0456664,0.158223,-0.109322,-0.12883,0.0150398,0.172264,-0.00331778,-0.0630091,-0.0523974,0.0827306,-0.0916287,-0.106685,0.0118313
-0.112262,0.0260015,-0.0380379,-0.00746897,-0.0557651,-0.0735608,-0.121251,-0.210789,0.0223591,-0.0612112,-0.0659219,-0.0949503,-0.0472259,0.0924936,-0.0417629,-0.0664324,0.0777845,0.0238367,0.143389,0.0151862,-0.0696699,0.16246,0.00425187,0.13151,0.0101566,0.0510008,0.204176,0.192665,0.0391277,0.0653098,0.00730766,0.115819,0.00556662,-0.014141,-0.172483,-0.00911013,-0.050719,-0.0917551,-0.0147091,-0.089936,0.028794,-0.0358118,-0.0568603,0.0772896,-0.0610681,-0.0617982,-0.0411679,-0.0722854,-0.00929261,0.0613326,0.119594,-0.0398921,-0.00106189,0.232893,-0.0761032,-0.0543441,-0.0021867,-0.055445,0.0952442,0.0924514,0.0132307,0.0569635,0.00405349,0.145189,-0.00454827,0.0836076,0.00231707,0.0923278,0.0390834,0.00870494,0.161073,0.0168104,-0.02907,0.0597671,0.0297444,0.0627905,0.0576942,-0.0776242,0.0430775,0.0320744,-0.00324775,0.0472454,0.0685229,-0.238391,-0.0162223,0.0351248,-0.123022,-0.062877,-0.0107649,-0.150763,-0.00568617,-0.0505104,-0.0314694,-0.101455,-0.100508,0.0568161,0.0947878,0.208924,0.118642,0.0771756,0.0529795,0.00866043,0.0341732,-0.0273467,-0.0409742,0.0784709,0.0388972,-0.095799,0.039784,0.0904781,0.056924,0.0523077,-0.098512,-0.125016,-0.0202068,-0.171486,0.0758388,-0.0227385,-0.150105,-0.023019,-0.00622373,-0.123557,-0.0316273,-0.0678904,-0.0262076,-0.199809,-0.211016,-0.0408806
-0.136377,0.179716,0.0510418,0.00755243,0.0141264,0.154401,0.154156,-0.0502939,0.126729,0.185076,-0.0402391,0.0488703,0.0106029,0.0705926,0.108884,0.0148464,0.132211,-0.0806355,-0.0450502,0.0978404,0.0468312,-0.0658945,-0.0865417,0.0256183,-0.140953,-0.224306,-0.0648148,-0.00787961,-0.0841083,-0.0468506,-0.0192673,0.0625596,-0.049875,0.106115,-0.00794216,0.0252941,-0.0188083,0.0268745,0.0938646,-0.00745553,-0.00780149,-0.0452476,-0.0431834,0.258303,-0.00805319,-0.101029,0.12745,0.134775,-0.00056016,0.00222948,0.025265,-0.057306,-0.0609689,0.114332,-0.011562,-0.0457347,-0.059372,-0.0600679,0.0311685,-0.0680754,-0.108795,-0.00124693,-0.0915949,-0.0259176,0.071135,0.00658927,-0.115507,-0.0481856,0.0296294,-0.0166476,0.00289765,-0.103676,0.00939648,-0.120445,-0.137343,0.0931071,0.0156568,-0.23258,0.041558,0.0302648,-0.00187831,0.0593322,0.014664,-0.136853,0.0518235,0.0685938,-0.0158606,-0.0172914,0.0458435,0.0226704,0.0958876,-0.0112778,0.0989317,0.0838871,-0.0157549,0.0529551,0.112135,0.0495666,-0.139531,-0.139762,-0.0235035,-0.00365421,-0.0391093,-0.18044,-0.128069,-0.0184509,-0.0889634,-0.0450355,-0.0323814,-0.061546,0.0493303,-0.162681,-0.121332,-0.0394082,0.0886106,0.081188,-0.021191,-0.110932,0.0360519,0.0898122,0.166204,-0.0590737,0.0173407,0.0468791,0.0989905,-0.0008905,0.0532428,0.218669
-0.0941569,0.165841,-0.00474611,0.00770438,-0.0402018,-0.0629564,-0.0720804,-0.0554721,-0.0172726,-0.185335,-0.120882,0.115154,-0.0883343,-0.152432,-0.0931146,-0.00384865,-0.0592811,-0.164624,-0.120257,-0.0329642,-0.0734017,-0.118866,-0.0425065,-0.0157304,-0.0182237,0.153615,-0.0301535,-0.123579,-0.00892586,-0.0709548,-0.0386803,-0.0878799,-0.0632104,0.192898,-0.045886,-0.079778,0.0375691,0.123421,0.104875,0.0988663,0.101293,0.0852964,-0.0673998,0.0739729,0.0385789,0.0650911,0.0317224,-0.0537949,0.0551219,0.0671895,0.00279278,0.00359931,0.0303236,0.0164193,0.0465307,-0.0422419,-0.0531739,0.199534,0.0705291,-0.0986422,0.0766404,0.0337875,0.116769,0.010939,-0.0540472,0.0872992,0.102276,0.125059,0.0395698,-0.0827595,-0.0582749,0.196924,0.1039,-0.071597,0.0263622,0.0688855,0.0386623,0.068222,-0.0765094,0.0897939,0.0569325,-0.0489075,0.0457905,0.0194716,0.0370487,0.00279654,-0.00365438,0.0727521,-0.0453046,0.014008,0.122789,0.0298705,0.0900907,-0.0928974,0.0648336,0.204508,-0.087293,-0.0611674,-0.0787892,-0.0734198,-0.0415535,0.0204203,-0.00920763,0.157966,-0.0234999,-0.00331034,-0.0891945,-0.15606,-0.0963657,0.121846,-0.12553,-0.202419,-0.0696665,-0.0165162,-0.027637,-0.11752,-0.082996,-0.0342353,-0.117142,-0.154438,-0.0112119,-0.0888994,-0.0314511,-0.0734355,0.00307831,-0.115534,-0.0258334,0.16761
-0.0342326,-0.0894493,-0.108903,0.0596776,0.0204365,0.0572002,-0.0477298,-0.0954861,-0.188404,-0.0123469,-0.129572,-0.128206,-0.025594,-0.0892546,-0.0548721,0.0391239,-0.188193,-0.0103171,-0.0729928,-0.0559211,-0.00333067,-0.201567,-0.0960874,0.0380482,-0.000864274,-0.0411524,-0.0584292,0.0245919,0.0478489,0.0152559,-0.124206,-0.179213,0.0646355,-0.0574219,-0.0159871,0.122738,-0.180851,0.0786849,-0.0468069,-0.108926,-0.0768267,0.0266083,-0.0892685,-0.128703,-0.00996887,-0.00134751,-0.0307407,-0.0326863,-0.0924432,0.0071178,-0.033336,-0.0172922,-0.00901263,-0.161898,-0.042817,-0.0125383,0.0517367,-0.0845521,-0.0604481,-0.00285528,-0.181581,0.139869,0.0401877,-0.128226,0.0637151,-0.111055,-0.0481192,0.0692638,-0.185807,0.121701,-0.0248141,-0.0626685,-0.0746359,-0.0390175,-0.0349029,-0.00387175,-0.0147277,-0.129446,-0.0887906,0.0236508,-0.0942444,-0.015576,-0.0456072,-0.150977,-0.0084174,-0.0181666,-0.0236034,0.0119984,0.0491896,-0.117468,0.0446844,0.143574,-0.178568,0.00335499,-0.0525554,-0.0857703,-0.0412859,-0.110646,-0.0598709,0.0487586,0.0152896,0.0564784,-0.109805,-0.0894399,-0.186355,0.0298261,-0.061905,-0.0826065,-0.0257877,-0.139667,-0.134503,-0.0202044,-0.182638,0.0464442,-0.0960858,-0.190498,-0.005826,-0.0584247,-0.0643426,-0.010514,-0.000428817,-0.170947,-0.12294,0.0186036,0.0521904,0.0370865,-0.0417864,-0.0342016
-0.0251169,0.146263,0.0343064,0.086782,0.0221103,0.107056,0.0234931,-0.145415,0.0944456,0.029161,0.0271001,0.150177,0.0386031,0.0938078,0.148281,0.150838,0.0643547,0.0208416,0.0886942,0.167673,0.100002,-0.0396781,0.189846,0.157118,0.0969725,0.109221,0.083905,0.0495759,0.0426402,-0.0669331,0.0626555,-0.117131,0.0374487,0.0497191,-0.1683,-0.0633832,-0.0472957,0.0538959,-0.0884981,-0.155749,-0.0573349,0.0198733,-0.0598047,0.0642617,-0.0626917,0.0172712,-0.0062228,-0.0567534,-0.0524234,0.0231328,-0.0271399,-0.043439,-0.0354982,-0.0495019,0.0890587,-0.097622,0.0115658,-0.0627454,-0.0931767,-0.15546,0.0260485,-0.0216864,0.0662554,-0.150939,0.0309499,-0.148919,-0.0890745,0.0476013,-0.0548563,-0.0588586,-0.159875,0.0372003,-0.0572616,-0.0501174,-0.00366695,0.0170551,-0.068924,0.0600538,-0.0465392,0.0144792,-0.0567343,-0.0925358,0.0968836,-0.0543487,-0.0402764,-0.0412642,-0.0159753,0.0270064,0.00264004,-0.155941,0.0728271,-0.0169176,0.0219964,-0.160193,-0.0881984,-0.0541123,-0.025704,-0.155412,0.0184831,0.109536,0.0175576,0.0769912,0.0360014,0.145596,0.104063,0.132242,0.139545,0.101314,0.047029,0.13772,0.0259692,0.0308058,0.0717885,0.163493,0.185634,-0.0416614,0.106495,0.167368,0.0903519,0.00855645,0.0950543,-0.109929,0.0619173,-0.0726789,0.0420976,0.0507956,0.0880189,0.108371
0.0261493,0.0155843,-0.0371327,-0.142698,-0.0198853,0.0150291,-0.0618482,-0.0719245,0.0665393,0.0633601,-0.024026,-0.139951,0.098027,0.063323,-0.103927,-0.197547,0.118115,-0.200604,-0.0290162,0.0688324,0.0844463,-0.0414127,-0.0420541,0.07668,0.0746683,-0.0474936,0.0204012,0.0843565,-0.0214549,-0.0426021,-0.00948962,0.0139366,-0.0888954,-0.182105,0.0967816,0.0896816,-0.0666152,-0.0966763,-0.0107963,0.126137,-0.0448063,0.0174359,0.179678,-0.128542,-0.0880295,0.0484979,0.0514611,0.0657302,-0.0456412,0.0606356,0.112856,0.0585033,-0.0843188,-0.0712469,0.155903,0.024175,-0.0684368,0.0880488,0.0463088,-0.0139085,-0.0841599,0.108108,0.12705,-0.123213,0.0969636,-0.142905,-0.000235834,0.098033,0.0582919,-0.0854977,-0.105371,0.176449,0.0397873,-0.0677374,-0.056127,-0.0485619,0.0861573,0.130761,-0.182202,-0.0152665,0.0383036,-0.0313818,-0.150768,0.0671662,0.0796354,-0.0614127,-0.111883,-0.0608247,0.0739174,0.112229,-0.12004,-0.110026,0.0799077,0.00685396,-0.0519483,-0.103668,-0.0273997,0.062458,0.065396,-0.00334304,0.0234566,0.149091,0.0399694,-0.0132447,-0.0629971,0.212272,0.115042,-0.0508332,-0.0930525,0.136701,0.0295431,-0.0527636,-0.111786,-0.0627212,0.0522309,0.0415391,-0.0737947,-0.0604716,0.0421421,0.205682,-0.0651799,-0.0202485,0.013638,0.0392389,0.0299325,-0.0759644,-0.0117463,0.0454108
-0.103857,0.0633856,-0.0810371,-0.23174,0.115021,-0.0944901,0.00349222,0.140242,-0.138087,0.0552889,0.0636142,-0.031351,0.0302796,-0.200959,-0.040066,0.15976,0.091922,-0.083038,0.0654409,0.16826,-0.027958,0.0338572,-0.0126303,-0.0955428,0.0817488,-0.11251,-0.0103355,0.0707073,-0.104203,0.225684,0.112892,-0.0940605,-0.085086,0.0540114,-0.0321458,-0.0564284,0.123673,-0.116253,-0.0412888,0.0320218,-0.0327929,0.044212,-0.0187813,-0.0908516,0.0645084,-0.0291959,-0.0265559,0.0328943,0.0474944,-0.0594307,-0.0182899,-0.00104821,-0.0175532,0.0907747,-0.026165,-0.0666461,0.114063,-0.0538044,0.00896964,0.127864,-0.0868503,0.00492279,0.0173287,-0.0325976,0.0773647,-0.028384,0.0388416,0.120436,-0.13,0.0591123,0.0323063,-0.0590154,0.0235406,-0.0252053,0.0188809,0.0252935,-0.0709784,0.0848208,0.0214284,-0.0458309,-0.0419056,0.0639281,0.0189626,-0.0885699,0.0187359,0.00173051,0.0137708,0.0539246,-0.112823,0.0425991,-0.0168053,-0.0129608,0.0903689,-0.122798,-0.0131246,0.0529805,0.110795,-0.131652,-0.0098921,0.0950156,-0.112083,0.230027,0.0800625,-0.0640771,0.1373,-0.150537,0.0310494,0.200816,-0.019622,0.0267531,-0.0645912,-0.0561779,-0.0947621,0.0811657,0.0134786,-0.0235276,0.0184164,-0.171502,-0.066404,0.0846913,-0.0895912,0.0955678,-0.106781,-0.229137,0.0991938,-0.0655021,0.0108185,0.113075
0.0109931,-0.0789797,-0.0275665,-0.0994268,0.0319985,0.0012879,0.12731,0.0197343,0.0120511,-0.0682192,0.0164132,0.178831,-0.102593,-0.0841928,0.0801848,-0.164533,0.00101527,0.176404,-0.0560668,0.115968,0.113893,-0.1626,-0.0272174,0.117092,0.0155326,5.53128e-05,-0.10965,-0.0169741,-0.0157958,0.129815,-0.0177075,0.0651282,0.00607737,0.0902012,0.134969,-0.123471,0.0653752,-0.120143,0.0653413,-0.0353305,0.0989851,-0.0501334,-0.0499967,-0.00524386,0.00410561,0.0391876,0.140802,-0.136705,-0.118125,0.119684,-0.120061,-0.022172,-0.047807,0.00289053,0.0620243,0.0629307,-0.0289277,0.00796545,-0.0577407,0.065994,-0.103385,0.138882,-0.153712,-0.0861823,0.0229625,-0.0146224,0.044375,-0.120079,0.0820176,-0.138105,0.142659,0.0582717,0.111736,-0.145375,0.123384,0.0228009,0.0229789,0.01156,-0.0634262,-0.0860313,-0.108353,0.0276289,0.0484088,0.0160755,-0.0214088,-0.0402622,-0.136321,0.121735,-0.0245954,-0.111692,-0.135651,0.115136,-0.0752146,0.0626215,-0.085703,0.0335133,0.00045088,0.00342289,0.121762,0.0166504,0.0418856,-0.119093,0.0114568,-0.0705035,0.00372285,-0.180408,0.089959,-0.0626847,-0.104746,0.155993,0.0399079,-0.0763444,-0.0142294,0.123737,-0.00239115,-0.179463,0.118795,0.11299,-0.0481213,0.173665,-0.00405741,0.0791704,0.0112699,0.0852527,0.00874284,-0.00445825,-0.109247,0.00374327
-0.0828231,0.0446267,0.176448,-0.150603,0.0809762,0.051624,-0.010907,-0.0469524,-0.0386974,-0.0323806,0.118836,-0.0977159,0.0097683,0.0516027,0.0477617,-0.073729,-0.0540542,-0.0250572,0.0408976,0.0321563,0.040579,-0.108518,0.115457,0.0138976,-0.0817493,-0.0159559,-0.0143014,0.0594024,0.0917238,-0.169001,0.164716,0.0712948,0.0566993,-0.128213,0.0659597,-0.109944,0.0981916,-0.0346424,-0.0983727,0.111321,0.0631515,-0.174088,-0.0562234,0.0634868,0.103906,-0.0813779,-0.0533654,-0.0427953,0.0433953,0.0123092,-0.0811234,-0.0831147,0.111798,0.0616821,-0.0352755,-0.172722,0.0375815,0.127522,-0.121217,-0.00665356,0.106601,-0.0895621,0.0688835,-0.147992,-0.0525602,-0.115968,0.109003,0.00457927,-0.0849601,0.0850711,-0.0385742,0.148641,-0.0410046,0.0161127,0.084169,0.0908065,-0.0970966,-0.0585827,0.0404983,0.161408,-0.0634594,0.181287,0.0486322,-0.0604005,-0.115441,0.0792175,0.057104,0.0111637,-0.0423775,0.119689,-0.0937855,0.117209,-0.125331,0.0145772,0.116352,-0.122781,0.0817407,0.0462003,0.0369503,-0.0492373,-0.0699391,0.132718,-0.181914,-0.0594562,0.0402837,0.0350007,-0.0278508,-0.0688967,-0.038179,0.133914,-0.114177,0.0237078,0.0542162,0.0160418,-0.11794,0.067237,-0.015943,-0.00523696,-0.0505046,0.055955,0.0868839,-0.0557981,-0.165141,0.193198,-0.0902995,-0.0687666,-0.00761813,0.0127769
-0.0107071,-0.0280538,-0.154005,0.0778765,0.0617374,-0.126026,0.0615818,-0.0154271,0.0119639,0.194077,-0.0420342,-0.0823237,-0.0352553,0.0131988,0.0905891,-0.11772,0.0397057,-0.155139,0.160179,0.0481791,-0.0103639,-0.0682949,-0.0619424,0.176808,0.0168422,-0.0396187,0.109874,-0.173302,0.0428505,0.104693,-0.0963637,0.0123655,0.00991526,-0.0342614,-0.0553704,0.119972,-0.0256297,-0.173997,0.0777483,0.0411258,0.0248822,0.0668149,0.0126485,0.0592059,0.0468183,0.0777693,0.135349,-0.0688189,0.031656,-0.0879744,0.155428,0.0382183,0.0325725,0.0682506,0.0323987,0.0279541,0.00426114,0.0359415,0.146417,-0.201794,0.0130596,0.0648183,-0.0461913,-0.0754229,0.0124539,0.0455659,0.0758231,-0.170817,-0.027685,0.115858,-0.0487957,-0.0395057,0.02633,-0.0694945,0.135734,0.0757093,0.0482308,0.0617904,0.0137141,0.0603455,0.0320372,0.0247971,0.0337266,0.0642586,0.034377,0.0368631,0.156305,-0.0897093,0.00325815,-0.0775958,-0.0505723,0.065922,0.0199111,-0.212335,0.147827,0.0402979,-0.0116371,-0.0173371,0.0617661,-0.12463,0.0621532,0.0806077,-0.144731,-0.0302624,0.0168303,-0.124605,0.0937593,0.021516,-0.0316269,-0.0878132,-0.0414904,0.191948,0.0359338,0.175143,-0.0564089,-0.0720382,-0.0111993,0.0422743,0.162136,-0.155372,0.0149962,0.0217474,-0.0968766,0.091188,0.049595,-0.174101,0.110834,-0.0426654
0.0244938,-0.0704395,-0.0532132,0.0286936,-0.108459,0.180007,-0.0807648,-0.0150747,-0.0711612,0.145834,-0.0565602,0.109698,-0.039791,0.0179839,-0.154842,0.063721,-0.0544568,0.0459345,-0.120552,0.0274836,0.00958809,0.106754,-0.0878294,0.168545,0.027169,0.00962924,-0.0708361,0.126177,-0.120886,0.0671907,-0.0297118,-0.0984016,-0.00513369,-0.110704,0.0925468,0.0342053,-0.0137543,0.170236,-0.167611,-0.00421075,0.00349678,0.0157056,-0.0722803,0.0961691,-0.000778452,0.0159301,-0.108767,0.0997328,0.0105647,0.110059,-0.109902,-0.010201,0.00381434,0.107269,-0.0630619,0.0104183,-0.023761,-0.0113529,-0.168621,0.203899,-0.0118266,-0.0199693,0.126103,-0.125697,0.00394707,0.00645563,0.145203,-0.165071,0.00294106,-0.0274962,-0.0784488,0.129858,-0.00761658,-0.0903142,0.10336,-0.00572014,0.00552606,-0.105313,0.0646172,-0.00880513,-0.00329626,-0.0174408,0.0699732,-0.104205,-0.0046211,-0.003576,0.1008,-0.110641,0.0158065,0.106949,-0.12702,0.00430117,0.021119,-0.19748,0.185196,0.0152281,-0.0236491,0.0282975,0.0702309,-0.153296,0.120698,-0.043175,0.0369858,0.0516877,0.0634922,-0.0591282,0.134366,-0.0295355,0.0217746,-0.100913,0.067187,-0.146442,0.0589609,-0.180559,0.0859653,-0.108349,0.000909664,-0.0105472,0.128319,-0.0463388,-0.0164898,0.111713,0.0544982,-0.0616297,0.111753,-0.138403,0.0669999,-0.0142336
0.0372346,0.116873,0.131918,0.0959222,-0.0988862,-0.18336,0.0793466,-0.103762,0.0601914,0.000488111,-0.0510447,-0.0438036,0.111932,0.109649,0.145465,-0.057918,-0.0452328,0.0227028,-0.105868,-0.101708,-0.100794,0.0422917,0.031336,0.0868455,-0.0569476,0.081481,-0.0573447,0.128472,0.0751426,-0.0426808,-0.175564,-0.135484,-0.00576072,-0.165542,-0.0546716,-0.0861806,0.102175,-0.036595,0.182167,-0.0155211,0.0323819,-0.0608059,0.0836287,0.0428571,-0.0131255,-0.0775598,0.0309964,-0.0511328,-0.0441514,0.0164296,0.0286042,0.121299,0.0162794,-0.0278476,-0.0725146,0.083834,0.0188338,0.0179463,-0.177047,0.0096344,-0.0927998,0.0938382,0.0146792,0.127058,-0.00295605,-0.0162244,0.202515,-0.057329,0.101731,-0.0894249,-0.0667152,-0.147003,0.0315043,-0.0613969,0.0449858,-0.078501,-0.0134197,0.0312643,0.0917131,-0.0590564,-0.045963,0.0876788,-0.0653539,-0.0407198,0.0152163,0.123361,0.0430468,0.00296591,0.0232201,0.144173,-0.0042699,0.0976934,-0.0911341,-0.0161141,-0.153801,0.0196233,0.0358196,-0.0987968,0.0873445,-0.202782,-0.0863806,0.0955131,0.13876,0.119946,0.070893,-0.0648545,0.161487,0.108687,0.114156,-0.0571649,-0.0445793,-0.0170788,-0.0389596,0.0657528,0.0406591,0.0311223,-0.104578,-0.104156,-0.0907728,0.0187848,-0.0573982,-0.121784,-0.173759,-0.0480597,0.0900987,0.112471,-0.0498183,0.0803718
0.0871948,0.12389,-0.0390223,-0.0837088,-0.00390911,0.145712,0.0107283,-0.0804386,-0.0665757,-0.111522,0.18777,0.00356369,-0.172679,0.0376153,-0.0337787,0.0677245,0.0888595,-0.0780978,0.0625241,-0.0609468,0.182589,-0.00127984,-0.157308,0.0865112,-0.0915306,0.0994197,0.016644,-0.181353,0.0264532,0.0499376,0.034659,-0.112521,0.0692292,0.0361316,-0.19985,0.179907,0.0779222,-0.0894542,0.0871311,-0.0482387,0.00336156,-0.00103466,0.0164262,4.3943e-07,-0.0538082,0.0579202,0.0398463,-0.0303394,-0.0068616,0.01326,-0.00187911,-0.0646215,0.0362018,-0.0108322,-0.00509941,-0.00425371,-0.0885509,0.0272041,-0.0472727,0.0550187,-0.0582846,-0.181468,0.171714,-0.0020051,-0.0722267,0.0528114,-0.0839885,0.0925257,-0.0753027,-0.181995,0.199134,-0.0290071,0.00511184,0.0274387,-0.0409477,-0.0540041,0.0476676,0.0100323,-0.0200299,-0.00368515,0.00119492,0.00180368,0.00380342,0.00964459,-0.0375032,0.0579185,-0.00116598,-0.0104461,0.0979404,-0.00365856,-0.166371,0.17898,0.05697,-0.047476,0.0465785,-0.0423404,-0.0893399,0.0817596,-0.0144247,-0.149321,0.00315461,0.0781785,0.0398398,-0.120117,0.0645792,-0.0678279,0.0278495,-0.0380987,0.175711,-0.000698149,-0.188474,0.104134,-0.0916685,-0.08147,0.155044,-0.000194067,-0.176351,0.0485343,-0.059499,0.0924875,0.090019,0.114356,-0.0280297,-0.051199,-0.025868,0.187607,-0.00957433,-0.106756
-0.0800239,0.0824087,0.0815057,-0.0990842,0.0296807,-0.075964,-0.0303381,0.04544,-0.0479497,0.0254932,0.0150739,-0.121392,0.14239,-0.0341228,-0.0610301,0.0692872,-0.0606293,0.166488,0.0467281,-0.224387,0.144667,-0.112577,-0.010333,0.129812,-0.0780727,-0.0738155,0.0868124,0.0131148,0.0666753,-0.114192,0.0892607,0.0525927,0.0420827,0.0153073,0.00961618,0.0462549,0.0285575,0.041338,0.0554536,0.0636024,0.190074,-0.101892,-0.0251267,0.226346,-0.104075,0.0682022,-0.0036276,-0.0538333,0.0622368,0.00195727,0.0190372,-0.0217662,-0.0497963,0.0984045,0.0252652,-0.10073,0.183269,-0.12202,0.0571847,0.0611674,-0.00353774,0.0511325,0.0933591,-0.0809578,0.0434849,0.0647545,0.0614337,0.0334576,0.0290935,0.0571472,0.000611842,0.0177811,0.191335,-0.0564882,-0.0020978,0.0751887,-0.110348,0.223005,-0.0184478,-0.103411,0.0595485,-0.0990667,0.0261508,0.0978183,-0.0498402,-0.0239993,0.02331,-0.000125496,0.17857,-0.0800961,0.0976826,0.044162,-0.00317176,0.0595785,0.0592002,-0.116645,-0.080238,0.0395844,-0.0285996,-0.0706169,0.0296322,-0.104714,0.076964,0.0966685,-0.0462731,0.0688132,-0.0609677,-0.0295462,0.134898,-0.119702,0.0195293,0.017274,-0.0557917,0.130828,-0.0152344,-0.115936,0.151187,-0.221594,0.0489533,0.159234,-0.0837291,0.0512076,0.0946525,-0.11359,0.0714818,0.00412724,0.0877762,-0.0645545
-0.0638053,-0.0499049,0.0977177,-0.0457115,0.0500882,0.0352831,0.0647903,-0.075604,-0.0417816,0.136675,0.000362694,-0.0997081,0.0971911,-0.18873,0.0632413,0.150833,-0.00340401,-0.0181436,-0.117391,0.128094,0.114373,-0.0850674,0.0222427,-0.0343752,-0.0825163,0.138579,-0.10509,-0.110548,-0.0359925,-0.0407694,0.0513758,0.0384376,0.198827,-0.12934,0.0868317,0.00535652,-0.00368002,0.0516192,0.0040122,-0.139193,-0.0526573,-0.0114724,0.0632903,-0.0442426,-0.010697,-0.0180878,0.0453221,0.00231612,0.178873,-0.09483,-0.0195044,0.166287,-0.118083,0.158402,-0.00932253,-0.0429404,-0.0526016,0.185142,-0.00852453,-0.00473856,0.0464457,0.0342794,-0.066123,0.0455306,0.189613,-0.135933,0.00705648,0.0469703,-0.0185485,0.0101744,0.0937059,-0.131133,-0.0470284,0.00886804,0.0394551,-0.0126764,-0.00781719,-0.0468853,0.0668353,-0.0113706,0.172299,-0.0399369,-0.0112248,0.163277,-0.121705,0.164445,-0.0174303,-0.100219,-0.0373845,0.048693,-0.0783314,0.0300208,0.0574567,-0.00313978,-0.0159159,0.183983,-0.0748859,-0.0860007,0.0625934,0.0396169,0.0406215,-0.0514073,0.0980269,-0.0397188,-0.024286,0.160438,0.054853,-0.187382,0.116125,-0.0951196,-0.0116393,0.137679,-0.0221368,-0.0359929,0.0335983,-0.0930691,0.0922107,0.139588,-0.112835,-0.0194404,-0.0741124,0.0286507,0.0529108,-0.0322516,-0.0290775,-0.112395,-0.112785,0.146221
0.0761805,-0.153903,-0.0135246,0.123123,0.0848051,-0.097804,-0.0551058,0.139992,-0.221057,0.0182904,0.0585494,-0.0726384,-0.191034,0.0572466,0.0641355,-0.0754095,0.210513,0.0806864,-0.0897003,-0.028354,0.17974,0.0720884,-0.0908945,-0.0298103,-0.09491,-0.131643,0.0260548,0.101087,-0.0898847,-0.0874087,0.021406,0.14633,0.105933,0.0228169,-0.0462145,-0.107667,0.125,0.0639401,-0.108532,0.00996923,-0.0695299,0.0289279,-0.00648536,0.022058,-0.0309973,-0.0216267,0.00521354,-0.0540152,0.0525406,0.0439794,-0.0232008,0.0495646,0.0298082,-0.0399513,0.0161911,-0.00179692,-0.0953427,0.0204133,0.090136,-0.0551285,-0.134257,0.103211,0.0434805,-0.0236739,-0.120414,0.0168462,0.0935068,-0.0692365,-0.113347,0.103781,0.0250142,-0.0103502,0.066889,0.0453639,-0.00229911,0.0396863,0.0233711,-0.0295055,0.0111331,-0.0167745,-0.0838003,0.016312,-0.00350325,0.0116976,-0.0300734,-0.0511943,0.0327399,-0.0397584,0.108768,0.0160357,-0.0503846,-0.112457,0.14123,0.054427,-0.103362,-0.0310064,-0.0853021,-0.119203,0.0402474,0.086916,-0.108471,-0.109294,0.0106717,0.14149,0.228931,0.0552816,-0.0821966,-0.0269185,0.192738,0.071708,-0.06006,-0.0346028,-0.202653,0.0335056,0.0810495,-0.0719284,-0.173827,0.0258117,0.0945459,-0.0809157,0.0839153,-0.161486,-0.0174391,0.100241,0.0722546,-0.0968955,-0.0200764,0.126122
-0.0231622,0.156899,-0.0820497,0.0037701,-0.0288737,0.0673005,0.190556,-0.160639,0.0182798,-0.0157329,-0.0861897,0.0584808,-0.0316886,-0.193882,0.123099,0.0245395,0.0221315,-0.0113248,0.0618944,-0.0959656,-0.0166286,0.0580656,-0.0586671,-0.0625987,-0.0126922,-0.0905653,0.149243,0.0485744,-0.0403316,0.0069622,-0.096608,0.187617,0.0615578,0.0938513,0.0085489,0.0552762,-0.000687039,0.0441005,0.0922681,-0.164243,-0.0770455,-0.0938997,-0.0678442,0.0283784,0.0588203,-0.227982,0.0207426,0.0651219,0.00108182,0.0308323,-0.00851873,-0.18079,0.025008,0.0717369,-0.0831322,-0.108,-0.0203492,-0.0766431,0.0824181,0.0205365,-0.00890235,0.0888131,-0.038889,0.122349,0.0522103,-0.156369,0.102246,0.0368281,-0.00787854,0.0622339,0.0150874,0.0908236,-0.0721901,0.065624,0.0195546,-0.223774,0.0559108,0.0250312,-0.0631345,-0.0959404,-0.00290927,-0.104353,-0.0881649,0.0742732,0.0279426,-0.184403,-0.00582004,0.0254414,-0.0142207,0.130776,-0.0439202,0.0816445,0.00278275,0.0201791,0.0809499,-0.077967,-0.0269986,-0.171793,0.194772,0.0713455,-0.0273072,-0.006184,-0.0838913,0.176135,0.031168,0.0248884,0.120304,-0.197771,-0.0245639,0.0653843,-0.0955201,-0.0222345,0.0088641,-0.0605499,-0.0523514,0.0485887,-0.0296694,-0.0913273,0.064525,-0.0159708,-0.00922874,0.175666,-0.0948575,0.0131485,-0.031235,0.0396563,0.148939,-0.0742369
-0.192921,-0.0260171,0.0146995,0.094657,-0.22338,-0.0337666,0.0328916,0.0105937,0.066158,-0.0890143,-0.0979167,-0.0388016,0.101315,0.00081454,-0.0286725,0.000460816,0.0636456,0.028112,0.0169915,-0.0232731,0.130997,-0.0516109,-0.103139,-0.0554932,-0.178034,-0.0198465,0.0754942,-0.0477167,-0.221901,0.111572,0.0269658,-0.0150514,0.0782329,0.100284,-0.16132,0.000303307,0.107283,0.0384741,-0.0782539,0.0129141,-0.0927899,0.0654282,0.0456294,-0.0704129,-0.0674167,0.0378067,0.0905654,-0.0710886,-0.146678,-0.0535065,0.0920536,0.00979841,-0.0765206,-0.100556,0.0867343,0.0498067,0.114189,-0.0419369,-0.0694979,0.0346824,0.123022,-0.0134758,-0.155991,0.05199,0.0852847,0.0157994,-0.0814848,0.0466241,0.117264,-0.00829588,-0.162179,0.10281,-0.100011,-0.0762854,0.0908004,0.0388593,-0.0790236,-0.0679443,0.0524625,0.0635194,-0.138219,0.0528308,0.0780657,-0.099794,-0.0703906,0.0130214,0.0945267,-0.0590474,0.104493,0.057215,-0.154983,-0.00598791,0.113353,0.0275721,-0.0559052,-0.0405122,-0.181496,0.0215213,0.0324587,-0.0457953,-0.20852,0.109459,0.00441577,-0.0324893,0.0402044,-0.0117153,-0.0161904,0.00110019,0.0774785,-0.0410893,-0.0978732,-0.0867607,0.0882447,-0.0620315,-0.108478,-0.0498422,0.150013,-0.0248991,0.00426529,0.0353925,-0.190102,-0.00564997,0.0372081,0.10246,-0.228597,-0.0422403,0.0805469,-0.0205954
